Copyright 1986-2022 Xilinx, Inc. All Rights Reserved. Copyright 2022-2025 Advanced Micro Devices, Inc. All Rights Reserved.
------------------------------------------------------------------------------------------------------------------------------------------------------------------------------------------------------------------------------------------
| Tool Version : Vivado v.2025.2 (win64) Build 6299465 Fri Nov 14 19:35:11 GMT 2025
| Date         : Tue Aug  4 20:22:50 2026
| Host         : sathwiik running 64-bit major release  (build 9200)
| Command      : report_timing_summary -max_paths 10 -routable_nets -report_unconstrained -file top_module_timing_summary_routed.rpt -pb top_module_timing_summary_routed.pb -rpx top_module_timing_summary_routed.rpx -warn_on_violation
| Design       : top_module
| Device       : 7a15t-cpg236
| Speed File   : -3  PRODUCTION 1.23 2018-06-13
| Design State : Routed
------------------------------------------------------------------------------------------------------------------------------------------------------------------------------------------------------------------------------------------

Timing Summary Report

------------------------------------------------------------------------------------------------
| Timer Settings
| --------------
------------------------------------------------------------------------------------------------

  Enable Multi Corner Analysis               :  Yes
  Enable Pessimism Removal                   :  Yes
  Pessimism Removal Resolution               :  Nearest Common Node
  Enable Input Delay Default Clock           :  No
  Enable Preset / Clear Arcs                 :  No
  Disable Flight Delays                      :  No
  Ignore I/O Paths                           :  No
  Timing Early Launch at Borrowing Latches   :  No
  Borrow Time for Max Delay Exceptions       :  Yes
  Merge Timing Exceptions                    :  Yes
  Inter-SLR Compensation                     :  Conservative

  Corner  Analyze    Analyze    
  Name    Max Paths  Min Paths  
  ------  ---------  ---------  
  Slow    Yes        Yes        
  Fast    Yes        Yes        


------------------------------------------------------------------------------------------------
| Report Methodology
| ------------------
------------------------------------------------------------------------------------------------

Rule       Severity  Description                                  Violations  
---------  --------  -------------------------------------------  ----------  
TIMING-18  Warning   Missing input or output delay                52          
ULMTCS-1   Warning   Control Sets use limits recommend reduction  1           

Note: This report is based on the most recent report_methodology run and may not be up-to-date. Run report_methodology on the current design for the latest report.



check_timing report

Table of Contents
-----------------
1. checking no_clock (0)
2. checking constant_clock (0)
3. checking pulse_width_clock (0)
4. checking unconstrained_internal_endpoints (0)
5. checking no_input_delay (43)
6. checking no_output_delay (9)
7. checking multiple_clock (0)
8. checking generated_clocks (0)
9. checking loops (0)
10. checking partial_input_delay (0)
11. checking partial_output_delay (0)
12. checking latch_loops (0)

1. checking no_clock (0)
------------------------
 There are 0 register/latch pins with no clock.


2. checking constant_clock (0)
------------------------------
 There are 0 register/latch pins with constant_clock.


3. checking pulse_width_clock (0)
---------------------------------
 There are 0 register/latch pins which need pulse_width check


4. checking unconstrained_internal_endpoints (0)
------------------------------------------------
 There are 0 pins that are not constrained for maximum delay.

 There are 0 pins that are not constrained for maximum delay due to constant clock.


5. checking no_input_delay (43)
-------------------------------
 There are 43 input ports with no input delay specified. (HIGH)

 There are 0 input ports with no input delay but user has a false path constraint.


6. checking no_output_delay (9)
-------------------------------
 There are 9 ports with no output delay specified. (HIGH)

 There are 0 ports with no output delay but user has a false path constraint

 There are 0 ports with no output delay but with a timing clock defined on it or propagating through it


7. checking multiple_clock (0)
------------------------------
 There are 0 register/latch pins with multiple clocks.


8. checking generated_clocks (0)
--------------------------------
 There are 0 generated clocks that are not connected to a clock source.


9. checking loops (0)
---------------------
 There are 0 combinational loops in the design.


10. checking partial_input_delay (0)
------------------------------------
 There are 0 input ports with partial input delay specified.


11. checking partial_output_delay (0)
-------------------------------------
 There are 0 ports with partial output delay specified.


12. checking latch_loops (0)
----------------------------
 There are 0 combinational latch loops in the design through latch input



------------------------------------------------------------------------------------------------
| Design Timing Summary
| ---------------------
------------------------------------------------------------------------------------------------

    WNS(ns)      TNS(ns)  TNS Failing Endpoints  TNS Total Endpoints      WHS(ns)      THS(ns)  THS Failing Endpoints  THS Total Endpoints     WPWS(ns)     TPWS(ns)  TPWS Failing Endpoints  TPWS Total Endpoints  
    -------      -------  ---------------------  -------------------      -------      -------  ---------------------  -------------------     --------     --------  ----------------------  --------------------  
      0.958        0.000                      0                19290        0.165        0.000                      0                19290        4.500        0.000                       0                  9868  


All user specified timing constraints are met.


------------------------------------------------------------------------------------------------
| Clock Summary
| -------------
------------------------------------------------------------------------------------------------

Clock  Waveform(ns)       Period(ns)      Frequency(MHz)
-----  ------------       ----------      --------------
clk    {0.000 5.000}      10.000          100.000         


------------------------------------------------------------------------------------------------
| Intra Clock Table
| -----------------
------------------------------------------------------------------------------------------------

Clock             WNS(ns)      TNS(ns)  TNS Failing Endpoints  TNS Total Endpoints      WHS(ns)      THS(ns)  THS Failing Endpoints  THS Total Endpoints     WPWS(ns)     TPWS(ns)  TPWS Failing Endpoints  TPWS Total Endpoints  
-----             -------      -------  ---------------------  -------------------      -------      -------  ---------------------  -------------------     --------     --------  ----------------------  --------------------  
clk                 0.958        0.000                      0                19290        0.165        0.000                      0                19290        4.500        0.000                       0                  9868  


------------------------------------------------------------------------------------------------
| Inter Clock Table
| -----------------
------------------------------------------------------------------------------------------------

From Clock    To Clock          WNS(ns)      TNS(ns)  TNS Failing Endpoints  TNS Total Endpoints      WHS(ns)      THS(ns)  THS Failing Endpoints  THS Total Endpoints  
----------    --------          -------      -------  ---------------------  -------------------      -------      -------  ---------------------  -------------------  


------------------------------------------------------------------------------------------------
| Other Path Groups Table
| -----------------------
------------------------------------------------------------------------------------------------

Path Group    From Clock    To Clock          WNS(ns)      TNS(ns)  TNS Failing Endpoints  TNS Total Endpoints      WHS(ns)      THS(ns)  THS Failing Endpoints  THS Total Endpoints  
----------    ----------    --------          -------      -------  ---------------------  -------------------      -------      -------  ---------------------  -------------------  


------------------------------------------------------------------------------------------------
| User Ignored Path Table
| -----------------------
------------------------------------------------------------------------------------------------

Path Group    From Clock    To Clock    
----------    ----------    --------    


------------------------------------------------------------------------------------------------
| Unconstrained Path Table
| ------------------------
------------------------------------------------------------------------------------------------

Path Group    From Clock    To Clock    
----------    ----------    --------    
(none)                                    
(none)        clk                         
(none)                      clk           


------------------------------------------------------------------------------------------------
| Timing Details
| --------------
------------------------------------------------------------------------------------------------


---------------------------------------------------------------------------------------------------
From Clock:  clk
  To Clock:  clk

Setup :            0  Failing Endpoints,  Worst Slack        0.958ns,  Total Violation        0.000ns
Hold  :            0  Failing Endpoints,  Worst Slack        0.165ns,  Total Violation        0.000ns
PW    :            0  Failing Endpoints,  Worst Slack        4.500ns,  Total Violation        0.000ns
---------------------------------------------------------------------------------------------------


Max Delay Paths
--------------------------------------------------------------------------------------
Slack (MET) :             0.958ns  (required time - arrival time)
  Source:                 CC/GSM/cache_tag_reg[0][55][12]/C
                            (rising edge-triggered cell FDCE clocked by clk  {rise@0.000ns fall@5.000ns period=10.000ns})
  Destination:            CC/GSM/dirty_bit_reg[0][44]/D
                            (rising edge-triggered cell FDCE clocked by clk  {rise@0.000ns fall@5.000ns period=10.000ns})
  Path Group:             clk
  Path Type:              Setup (Max at Slow Process Corner)
  Requirement:            10.000ns  (clk rise@10.000ns - clk rise@0.000ns)
  Data Path Delay:        8.800ns  (logic 2.279ns (25.899%)  route 6.521ns (74.101%))
  Logic Levels:           11  (CARRY4=2 LUT2=2 LUT5=1 LUT6=6)
  Clock Path Skew:        -0.239ns (DCD - SCD + CPR)
    Destination Clock Delay (DCD):    3.286ns = ( 13.286 - 10.000 ) 
    Source Clock Delay      (SCD):    3.742ns
    Clock Pessimism Removal (CPR):    0.216ns
  Clock Uncertainty:      0.035ns  ((TSJ^2 + TIJ^2)^1/2 + DJ) / 2 + PE
    Total System Jitter     (TSJ):    0.071ns
    Total Input Jitter      (TIJ):    0.000ns
    Discrete Jitter          (DJ):    0.000ns
    Phase Error              (PE):    0.000ns

    Location             Delay type                Incr(ns)  Path(ns)    Netlist Resource(s)
  -------------------------------------------------------------------    -------------------
                         (clock clk rise edge)        0.000     0.000 r  
    M18                                               0.000     0.000 r  clk (IN)
                         net (fo=0)                   0.000     0.000    clk
    M18                  IBUF (Prop_ibuf_I_O)         0.787     0.787 r  clk_IBUF_inst/O
                         net (fo=1, routed)           1.502     2.289    clk_IBUF
    BUFGCTRL_X0Y0        BUFG (Prop_bufg_I_O)         0.076     2.365 r  clk_IBUF_BUFG_inst/O
                         net (fo=9867, routed)        1.376     3.742    CC/GSM/clk_IBUF_BUFG
    SLICE_X53Y100        FDCE                                         r  CC/GSM/cache_tag_reg[0][55][12]/C
  -------------------------------------------------------------------    -------------------
    SLICE_X53Y100        FDCE (Prop_fdce_C_Q)         0.341     4.083 f  CC/GSM/cache_tag_reg[0][55][12]/Q
                         net (fo=2, routed)           0.800     4.882    CC/GSM/cache_tag_reg[0][55]_111[12]
    SLICE_X53Y96         LUT6 (Prop_lut6_I0_O)        0.097     4.979 f  CC/GSM/data_out_OBUF[7]_inst_i_718/O
                         net (fo=1, routed)           0.683     5.662    CC/GSM/data_out_OBUF[7]_inst_i_718_n_0
    SLICE_X53Y87         LUT5 (Prop_lut5_I0_O)        0.097     5.759 r  CC/GSM/data_out_OBUF[7]_inst_i_369/O
                         net (fo=1, routed)           0.545     6.305    CC/GSM/data_out_OBUF[7]_inst_i_369_n_0
    SLICE_X54Y85         LUT6 (Prop_lut6_I0_O)        0.097     6.402 r  CC/GSM/data_out_OBUF[7]_inst_i_233/O
                         net (fo=1, routed)           1.024     7.426    CC/GSM/data_out_OBUF[7]_inst_i_233_n_0
    SLICE_X39Y75         LUT6 (Prop_lut6_I3_O)        0.097     7.523 r  CC/GSM/data_out_OBUF[7]_inst_i_121/O
                         net (fo=1, routed)           0.000     7.523    CC/GSM/data_out_OBUF[7]_inst_i_121_n_0
    SLICE_X39Y75         CARRY4 (Prop_carry4_S[0]_CO[3])
                                                      0.395     7.918 r  CC/GSM/data_out_OBUF[7]_inst_i_52/CO[3]
                         net (fo=1, routed)           0.000     7.918    CC/GSM/data_out_OBUF[7]_inst_i_52_n_0
    SLICE_X39Y76         CARRY4 (Prop_carry4_CI_CO[0])
                                                      0.187     8.105 r  CC/GSM/data_out_OBUF[7]_inst_i_17/CO[0]
                         net (fo=1, routed)           0.847     8.952    CC/GSM/hitx_00
    SLICE_X39Y53         LUT6 (Prop_lut6_I0_O)        0.279     9.231 r  CC/GSM/data_out_OBUF[7]_inst_i_5/O
                         net (fo=65, routed)          0.563     9.793    CC/GSM/A[6]_0
    SLICE_X43Y51         LUT2 (Prop_lut2_I0_O)        0.107     9.900 r  CC/GSM/cache_mem[0][1][15]_i_3/O
                         net (fo=44, routed)          0.716    10.616    CC/cache_fsm/cache_mem_reg[0][14][8]
    SLICE_X50Y48         LUT2 (Prop_lut2_I1_O)        0.246    10.862 r  CC/cache_fsm/dirty_bit[0][16]_i_2/O
                         net (fo=64, routed)          0.927    11.789    CC/GSM/dirty_bit_reg[0][51]_1
    SLICE_X33Y46         LUT6 (Prop_lut6_I4_O)        0.239    12.028 r  CC/GSM/dirty_bit[0][44]_i_2/O
                         net (fo=1, routed)           0.416    12.444    CC/GSM/dirty_bit[0][44]_i_2_n_0
    SLICE_X37Y46         LUT6 (Prop_lut6_I0_O)        0.097    12.541 r  CC/GSM/dirty_bit[0][44]_i_1/O
                         net (fo=1, routed)           0.000    12.541    CC/GSM/dirty_bit[0][44]_i_1_n_0
    SLICE_X37Y46         FDCE                                         r  CC/GSM/dirty_bit_reg[0][44]/D
  -------------------------------------------------------------------    -------------------

                         (clock clk rise edge)       10.000    10.000 r  
    M18                                               0.000    10.000 r  clk (IN)
                         net (fo=0)                   0.000    10.000    clk
    M18                  IBUF (Prop_ibuf_I_O)         0.656    10.656 r  clk_IBUF_inst/O
                         net (fo=1, routed)           1.421    12.077    clk_IBUF
    BUFGCTRL_X0Y0        BUFG (Prop_bufg_I_O)         0.072    12.149 r  clk_IBUF_BUFG_inst/O
                         net (fo=9867, routed)        1.137    13.286    CC/GSM/clk_IBUF_BUFG
    SLICE_X37Y46         FDCE                                         r  CC/GSM/dirty_bit_reg[0][44]/C
                         clock pessimism              0.216    13.502    
                         clock uncertainty           -0.035    13.467    
    SLICE_X37Y46         FDCE (Setup_fdce_C_D)        0.032    13.499    CC/GSM/dirty_bit_reg[0][44]
  -------------------------------------------------------------------
                         required time                         13.499    
                         arrival time                         -12.541    
  -------------------------------------------------------------------
                         slack                                  0.958    

Slack (MET) :             0.971ns  (required time - arrival time)
  Source:                 CC/GSM/cache_tag_reg[0][55][12]/C
                            (rising edge-triggered cell FDCE clocked by clk  {rise@0.000ns fall@5.000ns period=10.000ns})
  Destination:            CC/GSM/dirty_bit_reg[0][45]/D
                            (rising edge-triggered cell FDCE clocked by clk  {rise@0.000ns fall@5.000ns period=10.000ns})
  Path Group:             clk
  Path Type:              Setup (Max at Slow Process Corner)
  Requirement:            10.000ns  (clk rise@10.000ns - clk rise@0.000ns)
  Data Path Delay:        8.774ns  (logic 2.279ns (25.976%)  route 6.495ns (74.024%))
  Logic Levels:           11  (CARRY4=2 LUT2=2 LUT5=1 LUT6=6)
  Clock Path Skew:        -0.250ns (DCD - SCD + CPR)
    Destination Clock Delay (DCD):    3.269ns = ( 13.269 - 10.000 ) 
    Source Clock Delay      (SCD):    3.742ns
    Clock Pessimism Removal (CPR):    0.222ns
  Clock Uncertainty:      0.035ns  ((TSJ^2 + TIJ^2)^1/2 + DJ) / 2 + PE
    Total System Jitter     (TSJ):    0.071ns
    Total Input Jitter      (TIJ):    0.000ns
    Discrete Jitter          (DJ):    0.000ns
    Phase Error              (PE):    0.000ns

    Location             Delay type                Incr(ns)  Path(ns)    Netlist Resource(s)
  -------------------------------------------------------------------    -------------------
                         (clock clk rise edge)        0.000     0.000 r  
    M18                                               0.000     0.000 r  clk (IN)
                         net (fo=0)                   0.000     0.000    clk
    M18                  IBUF (Prop_ibuf_I_O)         0.787     0.787 r  clk_IBUF_inst/O
                         net (fo=1, routed)           1.502     2.289    clk_IBUF
    BUFGCTRL_X0Y0        BUFG (Prop_bufg_I_O)         0.076     2.365 r  clk_IBUF_BUFG_inst/O
                         net (fo=9867, routed)        1.376     3.742    CC/GSM/clk_IBUF_BUFG
    SLICE_X53Y100        FDCE                                         r  CC/GSM/cache_tag_reg[0][55][12]/C
  -------------------------------------------------------------------    -------------------
    SLICE_X53Y100        FDCE (Prop_fdce_C_Q)         0.341     4.083 f  CC/GSM/cache_tag_reg[0][55][12]/Q
                         net (fo=2, routed)           0.800     4.882    CC/GSM/cache_tag_reg[0][55]_111[12]
    SLICE_X53Y96         LUT6 (Prop_lut6_I0_O)        0.097     4.979 f  CC/GSM/data_out_OBUF[7]_inst_i_718/O
                         net (fo=1, routed)           0.683     5.662    CC/GSM/data_out_OBUF[7]_inst_i_718_n_0
    SLICE_X53Y87         LUT5 (Prop_lut5_I0_O)        0.097     5.759 r  CC/GSM/data_out_OBUF[7]_inst_i_369/O
                         net (fo=1, routed)           0.545     6.305    CC/GSM/data_out_OBUF[7]_inst_i_369_n_0
    SLICE_X54Y85         LUT6 (Prop_lut6_I0_O)        0.097     6.402 r  CC/GSM/data_out_OBUF[7]_inst_i_233/O
                         net (fo=1, routed)           1.024     7.426    CC/GSM/data_out_OBUF[7]_inst_i_233_n_0
    SLICE_X39Y75         LUT6 (Prop_lut6_I3_O)        0.097     7.523 r  CC/GSM/data_out_OBUF[7]_inst_i_121/O
                         net (fo=1, routed)           0.000     7.523    CC/GSM/data_out_OBUF[7]_inst_i_121_n_0
    SLICE_X39Y75         CARRY4 (Prop_carry4_S[0]_CO[3])
                                                      0.395     7.918 r  CC/GSM/data_out_OBUF[7]_inst_i_52/CO[3]
                         net (fo=1, routed)           0.000     7.918    CC/GSM/data_out_OBUF[7]_inst_i_52_n_0
    SLICE_X39Y76         CARRY4 (Prop_carry4_CI_CO[0])
                                                      0.187     8.105 r  CC/GSM/data_out_OBUF[7]_inst_i_17/CO[0]
                         net (fo=1, routed)           0.847     8.952    CC/GSM/hitx_00
    SLICE_X39Y53         LUT6 (Prop_lut6_I0_O)        0.279     9.231 r  CC/GSM/data_out_OBUF[7]_inst_i_5/O
                         net (fo=65, routed)          0.563     9.793    CC/GSM/A[6]_0
    SLICE_X43Y51         LUT2 (Prop_lut2_I0_O)        0.107     9.900 r  CC/GSM/cache_mem[0][1][15]_i_3/O
                         net (fo=44, routed)          0.716    10.616    CC/cache_fsm/cache_mem_reg[0][14][8]
    SLICE_X50Y48         LUT2 (Prop_lut2_I1_O)        0.246    10.862 r  CC/cache_fsm/dirty_bit[0][16]_i_2/O
                         net (fo=64, routed)          1.013    11.875    CC/GSM/dirty_bit_reg[0][51]_1
    SLICE_X30Y53         LUT6 (Prop_lut6_I4_O)        0.239    12.114 r  CC/GSM/dirty_bit[0][45]_i_2/O
                         net (fo=1, routed)           0.304    12.418    CC/GSM/dirty_bit[0][45]_i_2_n_0
    SLICE_X32Y53         LUT6 (Prop_lut6_I0_O)        0.097    12.515 r  CC/GSM/dirty_bit[0][45]_i_1/O
                         net (fo=1, routed)           0.000    12.515    CC/GSM/dirty_bit[0][45]_i_1_n_0
    SLICE_X32Y53         FDCE                                         r  CC/GSM/dirty_bit_reg[0][45]/D
  -------------------------------------------------------------------    -------------------

                         (clock clk rise edge)       10.000    10.000 r  
    M18                                               0.000    10.000 r  clk (IN)
                         net (fo=0)                   0.000    10.000    clk
    M18                  IBUF (Prop_ibuf_I_O)         0.656    10.656 r  clk_IBUF_inst/O
                         net (fo=1, routed)           1.421    12.077    clk_IBUF
    BUFGCTRL_X0Y0        BUFG (Prop_bufg_I_O)         0.072    12.149 r  clk_IBUF_BUFG_inst/O
                         net (fo=9867, routed)        1.120    13.269    CC/GSM/clk_IBUF_BUFG
    SLICE_X32Y53         FDCE                                         r  CC/GSM/dirty_bit_reg[0][45]/C
                         clock pessimism              0.222    13.492    
                         clock uncertainty           -0.035    13.456    
    SLICE_X32Y53         FDCE (Setup_fdce_C_D)        0.030    13.486    CC/GSM/dirty_bit_reg[0][45]
  -------------------------------------------------------------------
                         required time                         13.486    
                         arrival time                         -12.515    
  -------------------------------------------------------------------
                         slack                                  0.971    

Slack (MET) :             0.973ns  (required time - arrival time)
  Source:                 CC/PBUF/pending_addr_reg[2]_rep__3/C
                            (rising edge-triggered cell FDCE clocked by clk  {rise@0.000ns fall@5.000ns period=10.000ns})
  Destination:            DM/mem_reg[580][0]/CE
                            (rising edge-triggered cell FDRE clocked by clk  {rise@0.000ns fall@5.000ns period=10.000ns})
  Path Group:             clk
  Path Type:              Setup (Max at Slow Process Corner)
  Requirement:            10.000ns  (clk rise@10.000ns - clk rise@0.000ns)
  Data Path Delay:        8.851ns  (logic 1.410ns (15.930%)  route 7.441ns (84.070%))
  Logic Levels:           9  (LUT6=7 MUXF7=1 MUXF8=1)
  Clock Path Skew:        -0.022ns (DCD - SCD + CPR)
    Destination Clock Delay (DCD):    3.350ns = ( 13.350 - 10.000 ) 
    Source Clock Delay      (SCD):    3.588ns
    Clock Pessimism Removal (CPR):    0.216ns
  Clock Uncertainty:      0.035ns  ((TSJ^2 + TIJ^2)^1/2 + DJ) / 2 + PE
    Total System Jitter     (TSJ):    0.071ns
    Total Input Jitter      (TIJ):    0.000ns
    Discrete Jitter          (DJ):    0.000ns
    Phase Error              (PE):    0.000ns

    Location             Delay type                Incr(ns)  Path(ns)    Netlist Resource(s)
  -------------------------------------------------------------------    -------------------
                         (clock clk rise edge)        0.000     0.000 r  
    M18                                               0.000     0.000 r  clk (IN)
                         net (fo=0)                   0.000     0.000    clk
    M18                  IBUF (Prop_ibuf_I_O)         0.787     0.787 r  clk_IBUF_inst/O
                         net (fo=1, routed)           1.502     2.289    clk_IBUF
    BUFGCTRL_X0Y0        BUFG (Prop_bufg_I_O)         0.076     2.365 r  clk_IBUF_BUFG_inst/O
                         net (fo=9867, routed)        1.223     3.588    CC/PBUF/clk_IBUF_BUFG
    SLICE_X39Y54         FDCE                                         r  CC/PBUF/pending_addr_reg[2]_rep__3/C
  -------------------------------------------------------------------    -------------------
    SLICE_X39Y54         FDCE (Prop_fdce_C_Q)         0.341     3.929 r  CC/PBUF/pending_addr_reg[2]_rep__3/Q
                         net (fo=103, routed)         0.896     4.825    CC/GSM/cache_tag[1][35][24]_i_7_0
    SLICE_X42Y55         LUT6 (Prop_lut6_I2_O)        0.097     4.922 f  CC/GSM/cache_tag[1][35][24]_i_14/O
                         net (fo=1, routed)           0.457     5.379    CC/GSM/cache_tag[1][35][24]_i_14_n_0
    SLICE_X42Y54         LUT6 (Prop_lut6_I0_O)        0.097     5.476 r  CC/GSM/cache_tag[1][35][24]_i_7/O
                         net (fo=10, routed)          0.786     6.262    CC/GSM/cache_tag[1][35][24]_i_7_n_0
    SLICE_X35Y57         LUT6 (Prop_lut6_I1_O)        0.097     6.359 r  CC/GSM/cache_tag[1][0][24]_i_11/O
                         net (fo=123, routed)         0.858     7.216    CC/GSM/pending_addr_reg[6]_1
    SLICE_X14Y63         LUT6 (Prop_lut6_I4_O)        0.097     7.313 r  CC/GSM/DM_addr[8]_i_46/O
                         net (fo=1, routed)           0.000     7.313    CC/GSM/DM_addr[8]_i_46_n_0
    SLICE_X14Y63         MUXF7 (Prop_muxf7_I0_O)      0.182     7.495 r  CC/GSM/DM_addr_reg[8]_i_24/O
                         net (fo=1, routed)           0.000     7.495    CC/GSM/DM_addr_reg[8]_i_24_n_0
    SLICE_X14Y63         MUXF8 (Prop_muxf8_I0_O)      0.075     7.570 r  CC/GSM/DM_addr_reg[8]_i_9/O
                         net (fo=1, routed)           0.595     8.166    CC/PBUF/DM_addr_reg[8]_0
    SLICE_X28Y58         LUT6 (Prop_lut6_I1_O)        0.230     8.396 f  CC/PBUF/DM_addr[8]_i_3/O
                         net (fo=7, routed)           1.655    10.051    CC/PBUF/DM_addr[8]_i_3_n_0
    SLICE_X36Y25         LUT6 (Prop_lut6_I1_O)        0.097    10.148 f  CC/PBUF/mem[638][7]_i_3/O
                         net (fo=64, routed)          1.534    11.682    CC/PBUF/mem[638][7]_i_3_n_0
    SLICE_X58Y15         LUT6 (Prop_lut6_I2_O)        0.097    11.779 r  CC/PBUF/mem[580][7]_i_1/O
                         net (fo=8, routed)           0.661    12.439    DM/mem_reg[580][7]_0[0]
    SLICE_X64Y12         FDRE                                         r  DM/mem_reg[580][0]/CE
  -------------------------------------------------------------------    -------------------

                         (clock clk rise edge)       10.000    10.000 r  
    M18                                               0.000    10.000 r  clk (IN)
                         net (fo=0)                   0.000    10.000    clk
    M18                  IBUF (Prop_ibuf_I_O)         0.656    10.656 r  clk_IBUF_inst/O
                         net (fo=1, routed)           1.421    12.077    clk_IBUF
    BUFGCTRL_X0Y0        BUFG (Prop_bufg_I_O)         0.072    12.149 r  clk_IBUF_BUFG_inst/O
                         net (fo=9867, routed)        1.201    13.350    DM/clk_IBUF_BUFG
    SLICE_X64Y12         FDRE                                         r  DM/mem_reg[580][0]/C
                         clock pessimism              0.216    13.566    
                         clock uncertainty           -0.035    13.531    
    SLICE_X64Y12         FDRE (Setup_fdre_C_CE)      -0.119    13.412    DM/mem_reg[580][0]
  -------------------------------------------------------------------
                         required time                         13.412    
                         arrival time                         -12.439    
  -------------------------------------------------------------------
                         slack                                  0.973    

Slack (MET) :             0.973ns  (required time - arrival time)
  Source:                 CC/PBUF/pending_addr_reg[2]_rep__3/C
                            (rising edge-triggered cell FDCE clocked by clk  {rise@0.000ns fall@5.000ns period=10.000ns})
  Destination:            DM/mem_reg[580][5]/CE
                            (rising edge-triggered cell FDRE clocked by clk  {rise@0.000ns fall@5.000ns period=10.000ns})
  Path Group:             clk
  Path Type:              Setup (Max at Slow Process Corner)
  Requirement:            10.000ns  (clk rise@10.000ns - clk rise@0.000ns)
  Data Path Delay:        8.851ns  (logic 1.410ns (15.930%)  route 7.441ns (84.070%))
  Logic Levels:           9  (LUT6=7 MUXF7=1 MUXF8=1)
  Clock Path Skew:        -0.022ns (DCD - SCD + CPR)
    Destination Clock Delay (DCD):    3.350ns = ( 13.350 - 10.000 ) 
    Source Clock Delay      (SCD):    3.588ns
    Clock Pessimism Removal (CPR):    0.216ns
  Clock Uncertainty:      0.035ns  ((TSJ^2 + TIJ^2)^1/2 + DJ) / 2 + PE
    Total System Jitter     (TSJ):    0.071ns
    Total Input Jitter      (TIJ):    0.000ns
    Discrete Jitter          (DJ):    0.000ns
    Phase Error              (PE):    0.000ns

    Location             Delay type                Incr(ns)  Path(ns)    Netlist Resource(s)
  -------------------------------------------------------------------    -------------------
                         (clock clk rise edge)        0.000     0.000 r  
    M18                                               0.000     0.000 r  clk (IN)
                         net (fo=0)                   0.000     0.000    clk
    M18                  IBUF (Prop_ibuf_I_O)         0.787     0.787 r  clk_IBUF_inst/O
                         net (fo=1, routed)           1.502     2.289    clk_IBUF
    BUFGCTRL_X0Y0        BUFG (Prop_bufg_I_O)         0.076     2.365 r  clk_IBUF_BUFG_inst/O
                         net (fo=9867, routed)        1.223     3.588    CC/PBUF/clk_IBUF_BUFG
    SLICE_X39Y54         FDCE                                         r  CC/PBUF/pending_addr_reg[2]_rep__3/C
  -------------------------------------------------------------------    -------------------
    SLICE_X39Y54         FDCE (Prop_fdce_C_Q)         0.341     3.929 r  CC/PBUF/pending_addr_reg[2]_rep__3/Q
                         net (fo=103, routed)         0.896     4.825    CC/GSM/cache_tag[1][35][24]_i_7_0
    SLICE_X42Y55         LUT6 (Prop_lut6_I2_O)        0.097     4.922 f  CC/GSM/cache_tag[1][35][24]_i_14/O
                         net (fo=1, routed)           0.457     5.379    CC/GSM/cache_tag[1][35][24]_i_14_n_0
    SLICE_X42Y54         LUT6 (Prop_lut6_I0_O)        0.097     5.476 r  CC/GSM/cache_tag[1][35][24]_i_7/O
                         net (fo=10, routed)          0.786     6.262    CC/GSM/cache_tag[1][35][24]_i_7_n_0
    SLICE_X35Y57         LUT6 (Prop_lut6_I1_O)        0.097     6.359 r  CC/GSM/cache_tag[1][0][24]_i_11/O
                         net (fo=123, routed)         0.858     7.216    CC/GSM/pending_addr_reg[6]_1
    SLICE_X14Y63         LUT6 (Prop_lut6_I4_O)        0.097     7.313 r  CC/GSM/DM_addr[8]_i_46/O
                         net (fo=1, routed)           0.000     7.313    CC/GSM/DM_addr[8]_i_46_n_0
    SLICE_X14Y63         MUXF7 (Prop_muxf7_I0_O)      0.182     7.495 r  CC/GSM/DM_addr_reg[8]_i_24/O
                         net (fo=1, routed)           0.000     7.495    CC/GSM/DM_addr_reg[8]_i_24_n_0
    SLICE_X14Y63         MUXF8 (Prop_muxf8_I0_O)      0.075     7.570 r  CC/GSM/DM_addr_reg[8]_i_9/O
                         net (fo=1, routed)           0.595     8.166    CC/PBUF/DM_addr_reg[8]_0
    SLICE_X28Y58         LUT6 (Prop_lut6_I1_O)        0.230     8.396 f  CC/PBUF/DM_addr[8]_i_3/O
                         net (fo=7, routed)           1.655    10.051    CC/PBUF/DM_addr[8]_i_3_n_0
    SLICE_X36Y25         LUT6 (Prop_lut6_I1_O)        0.097    10.148 f  CC/PBUF/mem[638][7]_i_3/O
                         net (fo=64, routed)          1.534    11.682    CC/PBUF/mem[638][7]_i_3_n_0
    SLICE_X58Y15         LUT6 (Prop_lut6_I2_O)        0.097    11.779 r  CC/PBUF/mem[580][7]_i_1/O
                         net (fo=8, routed)           0.661    12.439    DM/mem_reg[580][7]_0[0]
    SLICE_X64Y12         FDRE                                         r  DM/mem_reg[580][5]/CE
  -------------------------------------------------------------------    -------------------

                         (clock clk rise edge)       10.000    10.000 r  
    M18                                               0.000    10.000 r  clk (IN)
                         net (fo=0)                   0.000    10.000    clk
    M18                  IBUF (Prop_ibuf_I_O)         0.656    10.656 r  clk_IBUF_inst/O
                         net (fo=1, routed)           1.421    12.077    clk_IBUF
    BUFGCTRL_X0Y0        BUFG (Prop_bufg_I_O)         0.072    12.149 r  clk_IBUF_BUFG_inst/O
                         net (fo=9867, routed)        1.201    13.350    DM/clk_IBUF_BUFG
    SLICE_X64Y12         FDRE                                         r  DM/mem_reg[580][5]/C
                         clock pessimism              0.216    13.566    
                         clock uncertainty           -0.035    13.531    
    SLICE_X64Y12         FDRE (Setup_fdre_C_CE)      -0.119    13.412    DM/mem_reg[580][5]
  -------------------------------------------------------------------
                         required time                         13.412    
                         arrival time                         -12.439    
  -------------------------------------------------------------------
                         slack                                  0.973    

Slack (MET) :             0.990ns  (required time - arrival time)
  Source:                 CC/GSM/cache_tag_reg[0][55][12]/C
                            (rising edge-triggered cell FDCE clocked by clk  {rise@0.000ns fall@5.000ns period=10.000ns})
  Destination:            CC/GSM/dirty_bit_reg[0][37]/D
                            (rising edge-triggered cell FDCE clocked by clk  {rise@0.000ns fall@5.000ns period=10.000ns})
  Path Group:             clk
  Path Type:              Setup (Max at Slow Process Corner)
  Requirement:            10.000ns  (clk rise@10.000ns - clk rise@0.000ns)
  Data Path Delay:        8.757ns  (logic 2.279ns (26.026%)  route 6.478ns (73.974%))
  Logic Levels:           11  (CARRY4=2 LUT2=2 LUT5=1 LUT6=6)
  Clock Path Skew:        -0.250ns (DCD - SCD + CPR)
    Destination Clock Delay (DCD):    3.269ns = ( 13.269 - 10.000 ) 
    Source Clock Delay      (SCD):    3.742ns
    Clock Pessimism Removal (CPR):    0.222ns
  Clock Uncertainty:      0.035ns  ((TSJ^2 + TIJ^2)^1/2 + DJ) / 2 + PE
    Total System Jitter     (TSJ):    0.071ns
    Total Input Jitter      (TIJ):    0.000ns
    Discrete Jitter          (DJ):    0.000ns
    Phase Error              (PE):    0.000ns

    Location             Delay type                Incr(ns)  Path(ns)    Netlist Resource(s)
  -------------------------------------------------------------------    -------------------
                         (clock clk rise edge)        0.000     0.000 r  
    M18                                               0.000     0.000 r  clk (IN)
                         net (fo=0)                   0.000     0.000    clk
    M18                  IBUF (Prop_ibuf_I_O)         0.787     0.787 r  clk_IBUF_inst/O
                         net (fo=1, routed)           1.502     2.289    clk_IBUF
    BUFGCTRL_X0Y0        BUFG (Prop_bufg_I_O)         0.076     2.365 r  clk_IBUF_BUFG_inst/O
                         net (fo=9867, routed)        1.376     3.742    CC/GSM/clk_IBUF_BUFG
    SLICE_X53Y100        FDCE                                         r  CC/GSM/cache_tag_reg[0][55][12]/C
  -------------------------------------------------------------------    -------------------
    SLICE_X53Y100        FDCE (Prop_fdce_C_Q)         0.341     4.083 f  CC/GSM/cache_tag_reg[0][55][12]/Q
                         net (fo=2, routed)           0.800     4.882    CC/GSM/cache_tag_reg[0][55]_111[12]
    SLICE_X53Y96         LUT6 (Prop_lut6_I0_O)        0.097     4.979 f  CC/GSM/data_out_OBUF[7]_inst_i_718/O
                         net (fo=1, routed)           0.683     5.662    CC/GSM/data_out_OBUF[7]_inst_i_718_n_0
    SLICE_X53Y87         LUT5 (Prop_lut5_I0_O)        0.097     5.759 r  CC/GSM/data_out_OBUF[7]_inst_i_369/O
                         net (fo=1, routed)           0.545     6.305    CC/GSM/data_out_OBUF[7]_inst_i_369_n_0
    SLICE_X54Y85         LUT6 (Prop_lut6_I0_O)        0.097     6.402 r  CC/GSM/data_out_OBUF[7]_inst_i_233/O
                         net (fo=1, routed)           1.024     7.426    CC/GSM/data_out_OBUF[7]_inst_i_233_n_0
    SLICE_X39Y75         LUT6 (Prop_lut6_I3_O)        0.097     7.523 r  CC/GSM/data_out_OBUF[7]_inst_i_121/O
                         net (fo=1, routed)           0.000     7.523    CC/GSM/data_out_OBUF[7]_inst_i_121_n_0
    SLICE_X39Y75         CARRY4 (Prop_carry4_S[0]_CO[3])
                                                      0.395     7.918 r  CC/GSM/data_out_OBUF[7]_inst_i_52/CO[3]
                         net (fo=1, routed)           0.000     7.918    CC/GSM/data_out_OBUF[7]_inst_i_52_n_0
    SLICE_X39Y76         CARRY4 (Prop_carry4_CI_CO[0])
                                                      0.187     8.105 r  CC/GSM/data_out_OBUF[7]_inst_i_17/CO[0]
                         net (fo=1, routed)           0.847     8.952    CC/GSM/hitx_00
    SLICE_X39Y53         LUT6 (Prop_lut6_I0_O)        0.279     9.231 r  CC/GSM/data_out_OBUF[7]_inst_i_5/O
                         net (fo=65, routed)          0.563     9.793    CC/GSM/A[6]_0
    SLICE_X43Y51         LUT2 (Prop_lut2_I0_O)        0.107     9.900 r  CC/GSM/cache_mem[0][1][15]_i_3/O
                         net (fo=44, routed)          0.716    10.616    CC/cache_fsm/cache_mem_reg[0][14][8]
    SLICE_X50Y48         LUT2 (Prop_lut2_I1_O)        0.246    10.862 r  CC/cache_fsm/dirty_bit[0][16]_i_2/O
                         net (fo=64, routed)          1.014    11.876    CC/GSM/dirty_bit_reg[0][51]_1
    SLICE_X30Y54         LUT6 (Prop_lut6_I4_O)        0.239    12.115 r  CC/GSM/dirty_bit[0][37]_i_2/O
                         net (fo=1, routed)           0.286    12.401    CC/GSM/dirty_bit[0][37]_i_2_n_0
    SLICE_X31Y55         LUT6 (Prop_lut6_I0_O)        0.097    12.498 r  CC/GSM/dirty_bit[0][37]_i_1/O
                         net (fo=1, routed)           0.000    12.498    CC/GSM/dirty_bit[0][37]_i_1_n_0
    SLICE_X31Y55         FDCE                                         r  CC/GSM/dirty_bit_reg[0][37]/D
  -------------------------------------------------------------------    -------------------

                         (clock clk rise edge)       10.000    10.000 r  
    M18                                               0.000    10.000 r  clk (IN)
                         net (fo=0)                   0.000    10.000    clk
    M18                  IBUF (Prop_ibuf_I_O)         0.656    10.656 r  clk_IBUF_inst/O
                         net (fo=1, routed)           1.421    12.077    clk_IBUF
    BUFGCTRL_X0Y0        BUFG (Prop_bufg_I_O)         0.072    12.149 r  clk_IBUF_BUFG_inst/O
                         net (fo=9867, routed)        1.120    13.269    CC/GSM/clk_IBUF_BUFG
    SLICE_X31Y55         FDCE                                         r  CC/GSM/dirty_bit_reg[0][37]/C
                         clock pessimism              0.222    13.492    
                         clock uncertainty           -0.035    13.456    
    SLICE_X31Y55         FDCE (Setup_fdce_C_D)        0.032    13.488    CC/GSM/dirty_bit_reg[0][37]
  -------------------------------------------------------------------
                         required time                         13.488    
                         arrival time                         -12.498    
  -------------------------------------------------------------------
                         slack                                  0.990    

Slack (MET) :             0.997ns  (required time - arrival time)
  Source:                 CC/GSM/cache_tag_reg[0][55][12]/C
                            (rising edge-triggered cell FDCE clocked by clk  {rise@0.000ns fall@5.000ns period=10.000ns})
  Destination:            CC/GSM/dirty_bit_reg[0][41]/D
                            (rising edge-triggered cell FDCE clocked by clk  {rise@0.000ns fall@5.000ns period=10.000ns})
  Path Group:             clk
  Path Type:              Setup (Max at Slow Process Corner)
  Requirement:            10.000ns  (clk rise@10.000ns - clk rise@0.000ns)
  Data Path Delay:        8.759ns  (logic 2.279ns (26.018%)  route 6.480ns (73.982%))
  Logic Levels:           11  (CARRY4=2 LUT2=2 LUT5=1 LUT6=6)
  Clock Path Skew:        -0.238ns (DCD - SCD + CPR)
    Destination Clock Delay (DCD):    3.287ns = ( 13.287 - 10.000 ) 
    Source Clock Delay      (SCD):    3.742ns
    Clock Pessimism Removal (CPR):    0.216ns
  Clock Uncertainty:      0.035ns  ((TSJ^2 + TIJ^2)^1/2 + DJ) / 2 + PE
    Total System Jitter     (TSJ):    0.071ns
    Total Input Jitter      (TIJ):    0.000ns
    Discrete Jitter          (DJ):    0.000ns
    Phase Error              (PE):    0.000ns

    Location             Delay type                Incr(ns)  Path(ns)    Netlist Resource(s)
  -------------------------------------------------------------------    -------------------
                         (clock clk rise edge)        0.000     0.000 r  
    M18                                               0.000     0.000 r  clk (IN)
                         net (fo=0)                   0.000     0.000    clk
    M18                  IBUF (Prop_ibuf_I_O)         0.787     0.787 r  clk_IBUF_inst/O
                         net (fo=1, routed)           1.502     2.289    clk_IBUF
    BUFGCTRL_X0Y0        BUFG (Prop_bufg_I_O)         0.076     2.365 r  clk_IBUF_BUFG_inst/O
                         net (fo=9867, routed)        1.376     3.742    CC/GSM/clk_IBUF_BUFG
    SLICE_X53Y100        FDCE                                         r  CC/GSM/cache_tag_reg[0][55][12]/C
  -------------------------------------------------------------------    -------------------
    SLICE_X53Y100        FDCE (Prop_fdce_C_Q)         0.341     4.083 f  CC/GSM/cache_tag_reg[0][55][12]/Q
                         net (fo=2, routed)           0.800     4.882    CC/GSM/cache_tag_reg[0][55]_111[12]
    SLICE_X53Y96         LUT6 (Prop_lut6_I0_O)        0.097     4.979 f  CC/GSM/data_out_OBUF[7]_inst_i_718/O
                         net (fo=1, routed)           0.683     5.662    CC/GSM/data_out_OBUF[7]_inst_i_718_n_0
    SLICE_X53Y87         LUT5 (Prop_lut5_I0_O)        0.097     5.759 r  CC/GSM/data_out_OBUF[7]_inst_i_369/O
                         net (fo=1, routed)           0.545     6.305    CC/GSM/data_out_OBUF[7]_inst_i_369_n_0
    SLICE_X54Y85         LUT6 (Prop_lut6_I0_O)        0.097     6.402 r  CC/GSM/data_out_OBUF[7]_inst_i_233/O
                         net (fo=1, routed)           1.024     7.426    CC/GSM/data_out_OBUF[7]_inst_i_233_n_0
    SLICE_X39Y75         LUT6 (Prop_lut6_I3_O)        0.097     7.523 r  CC/GSM/data_out_OBUF[7]_inst_i_121/O
                         net (fo=1, routed)           0.000     7.523    CC/GSM/data_out_OBUF[7]_inst_i_121_n_0
    SLICE_X39Y75         CARRY4 (Prop_carry4_S[0]_CO[3])
                                                      0.395     7.918 r  CC/GSM/data_out_OBUF[7]_inst_i_52/CO[3]
                         net (fo=1, routed)           0.000     7.918    CC/GSM/data_out_OBUF[7]_inst_i_52_n_0
    SLICE_X39Y76         CARRY4 (Prop_carry4_CI_CO[0])
                                                      0.187     8.105 r  CC/GSM/data_out_OBUF[7]_inst_i_17/CO[0]
                         net (fo=1, routed)           0.847     8.952    CC/GSM/hitx_00
    SLICE_X39Y53         LUT6 (Prop_lut6_I0_O)        0.279     9.231 r  CC/GSM/data_out_OBUF[7]_inst_i_5/O
                         net (fo=65, routed)          0.563     9.793    CC/GSM/A[6]_0
    SLICE_X43Y51         LUT2 (Prop_lut2_I0_O)        0.107     9.900 r  CC/GSM/cache_mem[0][1][15]_i_3/O
                         net (fo=44, routed)          0.716    10.616    CC/cache_fsm/cache_mem_reg[0][14][8]
    SLICE_X50Y48         LUT2 (Prop_lut2_I1_O)        0.246    10.862 r  CC/cache_fsm/dirty_bit[0][16]_i_2/O
                         net (fo=64, routed)          1.006    11.868    CC/GSM/dirty_bit_reg[0][51]_1
    SLICE_X29Y41         LUT6 (Prop_lut6_I4_O)        0.239    12.107 r  CC/GSM/dirty_bit[0][41]_i_2/O
                         net (fo=1, routed)           0.297    12.404    CC/GSM/dirty_bit[0][41]_i_2_n_0
    SLICE_X29Y41         LUT6 (Prop_lut6_I0_O)        0.097    12.501 r  CC/GSM/dirty_bit[0][41]_i_1/O
                         net (fo=1, routed)           0.000    12.501    CC/GSM/dirty_bit[0][41]_i_1_n_0
    SLICE_X29Y41         FDCE                                         r  CC/GSM/dirty_bit_reg[0][41]/D
  -------------------------------------------------------------------    -------------------

                         (clock clk rise edge)       10.000    10.000 r  
    M18                                               0.000    10.000 r  clk (IN)
                         net (fo=0)                   0.000    10.000    clk
    M18                  IBUF (Prop_ibuf_I_O)         0.656    10.656 r  clk_IBUF_inst/O
                         net (fo=1, routed)           1.421    12.077    clk_IBUF
    BUFGCTRL_X0Y0        BUFG (Prop_bufg_I_O)         0.072    12.149 r  clk_IBUF_BUFG_inst/O
                         net (fo=9867, routed)        1.138    13.287    CC/GSM/clk_IBUF_BUFG
    SLICE_X29Y41         FDCE                                         r  CC/GSM/dirty_bit_reg[0][41]/C
                         clock pessimism              0.216    13.503    
                         clock uncertainty           -0.035    13.468    
    SLICE_X29Y41         FDCE (Setup_fdce_C_D)        0.030    13.498    CC/GSM/dirty_bit_reg[0][41]
  -------------------------------------------------------------------
                         required time                         13.498    
                         arrival time                         -12.501    
  -------------------------------------------------------------------
                         slack                                  0.997    

Slack (MET) :             1.021ns  (required time - arrival time)
  Source:                 CC/PBUF/pending_addr_reg[2]_rep__4/C
                            (rising edge-triggered cell FDCE clocked by clk  {rise@0.000ns fall@5.000ns period=10.000ns})
  Destination:            CC/GSM/cache_tag_reg[0][8][14]/CE
                            (rising edge-triggered cell FDCE clocked by clk  {rise@0.000ns fall@5.000ns period=10.000ns})
  Path Group:             clk
  Path Type:              Setup (Max at Slow Process Corner)
  Requirement:            10.000ns  (clk rise@10.000ns - clk rise@0.000ns)
  Data Path Delay:        8.663ns  (logic 1.404ns (16.206%)  route 7.259ns (83.794%))
  Logic Levels:           7  (LUT2=2 LUT3=1 LUT4=1 LUT6=3)
  Clock Path Skew:        0.023ns (DCD - SCD + CPR)
    Destination Clock Delay (DCD):    3.336ns = ( 13.336 - 10.000 ) 
    Source Clock Delay      (SCD):    3.589ns
    Clock Pessimism Removal (CPR):    0.276ns
  Clock Uncertainty:      0.035ns  ((TSJ^2 + TIJ^2)^1/2 + DJ) / 2 + PE
    Total System Jitter     (TSJ):    0.071ns
    Total Input Jitter      (TIJ):    0.000ns
    Discrete Jitter          (DJ):    0.000ns
    Phase Error              (PE):    0.000ns

    Location             Delay type                Incr(ns)  Path(ns)    Netlist Resource(s)
  -------------------------------------------------------------------    -------------------
                         (clock clk rise edge)        0.000     0.000 r  
    M18                                               0.000     0.000 r  clk (IN)
                         net (fo=0)                   0.000     0.000    clk
    M18                  IBUF (Prop_ibuf_I_O)         0.787     0.787 r  clk_IBUF_inst/O
                         net (fo=1, routed)           1.502     2.289    clk_IBUF
    BUFGCTRL_X0Y0        BUFG (Prop_bufg_I_O)         0.076     2.365 r  clk_IBUF_BUFG_inst/O
                         net (fo=9867, routed)        1.224     3.589    CC/PBUF/clk_IBUF_BUFG
    SLICE_X42Y53         FDCE                                         r  CC/PBUF/pending_addr_reg[2]_rep__4/C
  -------------------------------------------------------------------    -------------------
    SLICE_X42Y53         FDCE (Prop_fdce_C_Q)         0.393     3.982 r  CC/PBUF/pending_addr_reg[2]_rep__4/Q
                         net (fo=112, routed)         1.113     5.095    CC/GSM/cache_tag[1][0][24]_i_13_0
    SLICE_X45Y61         LUT6 (Prop_lut6_I2_O)        0.097     5.192 f  CC/GSM/cache_tag[1][0][24]_i_21/O
                         net (fo=1, routed)           0.489     5.681    CC/GSM/cache_tag[1][0][24]_i_21_n_0
    SLICE_X44Y61         LUT6 (Prop_lut6_I1_O)        0.097     5.778 r  CC/GSM/cache_tag[1][0][24]_i_13/O
                         net (fo=1, routed)           0.576     6.354    CC/GSM/cache_tag[1][0][24]_i_13_n_0
    SLICE_X42Y52         LUT6 (Prop_lut6_I1_O)        0.097     6.451 r  CC/GSM/cache_tag[1][0][24]_i_10/O
                         net (fo=79, routed)          0.813     7.264    CC/GSM/pending_addr_reg[6]_0
    SLICE_X42Y56         LUT2 (Prop_lut2_I1_O)        0.113     7.377 f  CC/GSM/cache_tag[1][21][24]_i_3/O
                         net (fo=128, routed)         0.486     7.863    CC/GSM/pending_addr_reg[6]_2
    SLICE_X43Y57         LUT3 (Prop_lut3_I0_O)        0.258     8.121 r  CC/GSM/cache_tag[1][0][24]_i_5/O
                         net (fo=108, routed)         0.661     8.782    CC/GSM/pending_addr_reg[6]_7
    SLICE_X48Y59         LUT2 (Prop_lut2_I0_O)        0.247     9.029 r  CC/GSM/cache_tag[0][1][24]_i_5/O
                         net (fo=190, routed)         1.223    10.251    CC/GSM/cache_tag[0][1][24]_i_5_n_0
    SLICE_X38Y50         LUT4 (Prop_lut4_I0_O)        0.102    10.353 r  CC/GSM/cache_tag[0][8][24]_i_1/O
                         net (fo=25, routed)          1.899    12.253    CC/GSM/cache_tag[0][8][24]_i_1_n_0
    SLICE_X62Y96         FDCE                                         r  CC/GSM/cache_tag_reg[0][8][14]/CE
  -------------------------------------------------------------------    -------------------

                         (clock clk rise edge)       10.000    10.000 r  
    M18                                               0.000    10.000 r  clk (IN)
                         net (fo=0)                   0.000    10.000    clk
    M18                  IBUF (Prop_ibuf_I_O)         0.656    10.656 r  clk_IBUF_inst/O
                         net (fo=1, routed)           1.421    12.077    clk_IBUF
    BUFGCTRL_X0Y0        BUFG (Prop_bufg_I_O)         0.072    12.149 r  clk_IBUF_BUFG_inst/O
                         net (fo=9867, routed)        1.187    13.336    CC/GSM/clk_IBUF_BUFG
    SLICE_X62Y96         FDCE                                         r  CC/GSM/cache_tag_reg[0][8][14]/C
                         clock pessimism              0.276    13.612    
                         clock uncertainty           -0.035    13.577    
    SLICE_X62Y96         FDCE (Setup_fdce_C_CE)      -0.303    13.274    CC/GSM/cache_tag_reg[0][8][14]
  -------------------------------------------------------------------
                         required time                         13.274    
                         arrival time                         -12.253    
  -------------------------------------------------------------------
                         slack                                  1.021    

Slack (MET) :             1.031ns  (required time - arrival time)
  Source:                 CC/GSM/cache_tag_reg[0][55][12]/C
                            (rising edge-triggered cell FDCE clocked by clk  {rise@0.000ns fall@5.000ns period=10.000ns})
  Destination:            CC/GSM/dirty_bit_reg[0][40]/D
                            (rising edge-triggered cell FDCE clocked by clk  {rise@0.000ns fall@5.000ns period=10.000ns})
  Path Group:             clk
  Path Type:              Setup (Max at Slow Process Corner)
  Requirement:            10.000ns  (clk rise@10.000ns - clk rise@0.000ns)
  Data Path Delay:        8.728ns  (logic 2.279ns (26.110%)  route 6.449ns (73.890%))
  Logic Levels:           11  (CARRY4=2 LUT2=2 LUT5=1 LUT6=6)
  Clock Path Skew:        -0.237ns (DCD - SCD + CPR)
    Destination Clock Delay (DCD):    3.288ns = ( 13.288 - 10.000 ) 
    Source Clock Delay      (SCD):    3.742ns
    Clock Pessimism Removal (CPR):    0.216ns
  Clock Uncertainty:      0.035ns  ((TSJ^2 + TIJ^2)^1/2 + DJ) / 2 + PE
    Total System Jitter     (TSJ):    0.071ns
    Total Input Jitter      (TIJ):    0.000ns
    Discrete Jitter          (DJ):    0.000ns
    Phase Error              (PE):    0.000ns

    Location             Delay type                Incr(ns)  Path(ns)    Netlist Resource(s)
  -------------------------------------------------------------------    -------------------
                         (clock clk rise edge)        0.000     0.000 r  
    M18                                               0.000     0.000 r  clk (IN)
                         net (fo=0)                   0.000     0.000    clk
    M18                  IBUF (Prop_ibuf_I_O)         0.787     0.787 r  clk_IBUF_inst/O
                         net (fo=1, routed)           1.502     2.289    clk_IBUF
    BUFGCTRL_X0Y0        BUFG (Prop_bufg_I_O)         0.076     2.365 r  clk_IBUF_BUFG_inst/O
                         net (fo=9867, routed)        1.376     3.742    CC/GSM/clk_IBUF_BUFG
    SLICE_X53Y100        FDCE                                         r  CC/GSM/cache_tag_reg[0][55][12]/C
  -------------------------------------------------------------------    -------------------
    SLICE_X53Y100        FDCE (Prop_fdce_C_Q)         0.341     4.083 f  CC/GSM/cache_tag_reg[0][55][12]/Q
                         net (fo=2, routed)           0.800     4.882    CC/GSM/cache_tag_reg[0][55]_111[12]
    SLICE_X53Y96         LUT6 (Prop_lut6_I0_O)        0.097     4.979 f  CC/GSM/data_out_OBUF[7]_inst_i_718/O
                         net (fo=1, routed)           0.683     5.662    CC/GSM/data_out_OBUF[7]_inst_i_718_n_0
    SLICE_X53Y87         LUT5 (Prop_lut5_I0_O)        0.097     5.759 r  CC/GSM/data_out_OBUF[7]_inst_i_369/O
                         net (fo=1, routed)           0.545     6.305    CC/GSM/data_out_OBUF[7]_inst_i_369_n_0
    SLICE_X54Y85         LUT6 (Prop_lut6_I0_O)        0.097     6.402 r  CC/GSM/data_out_OBUF[7]_inst_i_233/O
                         net (fo=1, routed)           1.024     7.426    CC/GSM/data_out_OBUF[7]_inst_i_233_n_0
    SLICE_X39Y75         LUT6 (Prop_lut6_I3_O)        0.097     7.523 r  CC/GSM/data_out_OBUF[7]_inst_i_121/O
                         net (fo=1, routed)           0.000     7.523    CC/GSM/data_out_OBUF[7]_inst_i_121_n_0
    SLICE_X39Y75         CARRY4 (Prop_carry4_S[0]_CO[3])
                                                      0.395     7.918 r  CC/GSM/data_out_OBUF[7]_inst_i_52/CO[3]
                         net (fo=1, routed)           0.000     7.918    CC/GSM/data_out_OBUF[7]_inst_i_52_n_0
    SLICE_X39Y76         CARRY4 (Prop_carry4_CI_CO[0])
                                                      0.187     8.105 r  CC/GSM/data_out_OBUF[7]_inst_i_17/CO[0]
                         net (fo=1, routed)           0.847     8.952    CC/GSM/hitx_00
    SLICE_X39Y53         LUT6 (Prop_lut6_I0_O)        0.279     9.231 r  CC/GSM/data_out_OBUF[7]_inst_i_5/O
                         net (fo=65, routed)          0.563     9.793    CC/GSM/A[6]_0
    SLICE_X43Y51         LUT2 (Prop_lut2_I0_O)        0.107     9.900 r  CC/GSM/cache_mem[0][1][15]_i_3/O
                         net (fo=44, routed)          0.716    10.616    CC/cache_fsm/cache_mem_reg[0][14][8]
    SLICE_X50Y48         LUT2 (Prop_lut2_I1_O)        0.246    10.862 r  CC/cache_fsm/dirty_bit[0][16]_i_2/O
                         net (fo=64, routed)          0.952    11.814    CC/GSM/dirty_bit_reg[0][51]_1
    SLICE_X30Y46         LUT6 (Prop_lut6_I4_O)        0.239    12.053 r  CC/GSM/dirty_bit[0][40]_i_2/O
                         net (fo=1, routed)           0.320    12.373    CC/GSM/dirty_bit[0][40]_i_2_n_0
    SLICE_X29Y46         LUT6 (Prop_lut6_I0_O)        0.097    12.470 r  CC/GSM/dirty_bit[0][40]_i_1/O
                         net (fo=1, routed)           0.000    12.470    CC/GSM/dirty_bit[0][40]_i_1_n_0
    SLICE_X29Y46         FDCE                                         r  CC/GSM/dirty_bit_reg[0][40]/D
  -------------------------------------------------------------------    -------------------

                         (clock clk rise edge)       10.000    10.000 r  
    M18                                               0.000    10.000 r  clk (IN)
                         net (fo=0)                   0.000    10.000    clk
    M18                  IBUF (Prop_ibuf_I_O)         0.656    10.656 r  clk_IBUF_inst/O
                         net (fo=1, routed)           1.421    12.077    clk_IBUF
    BUFGCTRL_X0Y0        BUFG (Prop_bufg_I_O)         0.072    12.149 r  clk_IBUF_BUFG_inst/O
                         net (fo=9867, routed)        1.139    13.288    CC/GSM/clk_IBUF_BUFG
    SLICE_X29Y46         FDCE                                         r  CC/GSM/dirty_bit_reg[0][40]/C
                         clock pessimism              0.216    13.504    
                         clock uncertainty           -0.035    13.469    
    SLICE_X29Y46         FDCE (Setup_fdce_C_D)        0.032    13.501    CC/GSM/dirty_bit_reg[0][40]
  -------------------------------------------------------------------
                         required time                         13.501    
                         arrival time                         -12.470    
  -------------------------------------------------------------------
                         slack                                  1.031    

Slack (MET) :             1.038ns  (required time - arrival time)
  Source:                 CC/GSM/cache_tag_reg[0][55][12]/C
                            (rising edge-triggered cell FDCE clocked by clk  {rise@0.000ns fall@5.000ns period=10.000ns})
  Destination:            CC/GSM/dirty_bit_reg[0][54]/D
                            (rising edge-triggered cell FDCE clocked by clk  {rise@0.000ns fall@5.000ns period=10.000ns})
  Path Group:             clk
  Path Type:              Setup (Max at Slow Process Corner)
  Requirement:            10.000ns  (clk rise@10.000ns - clk rise@0.000ns)
  Data Path Delay:        8.707ns  (logic 2.279ns (26.176%)  route 6.428ns (73.824%))
  Logic Levels:           11  (CARRY4=2 LUT2=2 LUT5=1 LUT6=6)
  Clock Path Skew:        -0.250ns (DCD - SCD + CPR)
    Destination Clock Delay (DCD):    3.269ns = ( 13.269 - 10.000 ) 
    Source Clock Delay      (SCD):    3.742ns
    Clock Pessimism Removal (CPR):    0.222ns
  Clock Uncertainty:      0.035ns  ((TSJ^2 + TIJ^2)^1/2 + DJ) / 2 + PE
    Total System Jitter     (TSJ):    0.071ns
    Total Input Jitter      (TIJ):    0.000ns
    Discrete Jitter          (DJ):    0.000ns
    Phase Error              (PE):    0.000ns

    Location             Delay type                Incr(ns)  Path(ns)    Netlist Resource(s)
  -------------------------------------------------------------------    -------------------
                         (clock clk rise edge)        0.000     0.000 r  
    M18                                               0.000     0.000 r  clk (IN)
                         net (fo=0)                   0.000     0.000    clk
    M18                  IBUF (Prop_ibuf_I_O)         0.787     0.787 r  clk_IBUF_inst/O
                         net (fo=1, routed)           1.502     2.289    clk_IBUF
    BUFGCTRL_X0Y0        BUFG (Prop_bufg_I_O)         0.076     2.365 r  clk_IBUF_BUFG_inst/O
                         net (fo=9867, routed)        1.376     3.742    CC/GSM/clk_IBUF_BUFG
    SLICE_X53Y100        FDCE                                         r  CC/GSM/cache_tag_reg[0][55][12]/C
  -------------------------------------------------------------------    -------------------
    SLICE_X53Y100        FDCE (Prop_fdce_C_Q)         0.341     4.083 f  CC/GSM/cache_tag_reg[0][55][12]/Q
                         net (fo=2, routed)           0.800     4.882    CC/GSM/cache_tag_reg[0][55]_111[12]
    SLICE_X53Y96         LUT6 (Prop_lut6_I0_O)        0.097     4.979 f  CC/GSM/data_out_OBUF[7]_inst_i_718/O
                         net (fo=1, routed)           0.683     5.662    CC/GSM/data_out_OBUF[7]_inst_i_718_n_0
    SLICE_X53Y87         LUT5 (Prop_lut5_I0_O)        0.097     5.759 r  CC/GSM/data_out_OBUF[7]_inst_i_369/O
                         net (fo=1, routed)           0.545     6.305    CC/GSM/data_out_OBUF[7]_inst_i_369_n_0
    SLICE_X54Y85         LUT6 (Prop_lut6_I0_O)        0.097     6.402 r  CC/GSM/data_out_OBUF[7]_inst_i_233/O
                         net (fo=1, routed)           1.024     7.426    CC/GSM/data_out_OBUF[7]_inst_i_233_n_0
    SLICE_X39Y75         LUT6 (Prop_lut6_I3_O)        0.097     7.523 r  CC/GSM/data_out_OBUF[7]_inst_i_121/O
                         net (fo=1, routed)           0.000     7.523    CC/GSM/data_out_OBUF[7]_inst_i_121_n_0
    SLICE_X39Y75         CARRY4 (Prop_carry4_S[0]_CO[3])
                                                      0.395     7.918 r  CC/GSM/data_out_OBUF[7]_inst_i_52/CO[3]
                         net (fo=1, routed)           0.000     7.918    CC/GSM/data_out_OBUF[7]_inst_i_52_n_0
    SLICE_X39Y76         CARRY4 (Prop_carry4_CI_CO[0])
                                                      0.187     8.105 r  CC/GSM/data_out_OBUF[7]_inst_i_17/CO[0]
                         net (fo=1, routed)           0.847     8.952    CC/GSM/hitx_00
    SLICE_X39Y53         LUT6 (Prop_lut6_I0_O)        0.279     9.231 r  CC/GSM/data_out_OBUF[7]_inst_i_5/O
                         net (fo=65, routed)          0.563     9.793    CC/GSM/A[6]_0
    SLICE_X43Y51         LUT2 (Prop_lut2_I0_O)        0.107     9.900 r  CC/GSM/cache_mem[0][1][15]_i_3/O
                         net (fo=44, routed)          0.716    10.616    CC/cache_fsm/cache_mem_reg[0][14][8]
    SLICE_X50Y48         LUT2 (Prop_lut2_I1_O)        0.246    10.862 r  CC/cache_fsm/dirty_bit[0][16]_i_2/O
                         net (fo=64, routed)          0.978    11.840    CC/GSM/dirty_bit_reg[0][51]_1
    SLICE_X45Y62         LUT6 (Prop_lut6_I4_O)        0.239    12.079 r  CC/GSM/dirty_bit[0][54]_i_2/O
                         net (fo=1, routed)           0.272    12.351    CC/GSM/dirty_bit[0][54]_i_2_n_0
    SLICE_X45Y62         LUT6 (Prop_lut6_I0_O)        0.097    12.448 r  CC/GSM/dirty_bit[0][54]_i_1/O
                         net (fo=1, routed)           0.000    12.448    CC/GSM/dirty_bit[0][54]_i_1_n_0
    SLICE_X45Y62         FDCE                                         r  CC/GSM/dirty_bit_reg[0][54]/D
  -------------------------------------------------------------------    -------------------

                         (clock clk rise edge)       10.000    10.000 r  
    M18                                               0.000    10.000 r  clk (IN)
                         net (fo=0)                   0.000    10.000    clk
    M18                  IBUF (Prop_ibuf_I_O)         0.656    10.656 r  clk_IBUF_inst/O
                         net (fo=1, routed)           1.421    12.077    clk_IBUF
    BUFGCTRL_X0Y0        BUFG (Prop_bufg_I_O)         0.072    12.149 r  clk_IBUF_BUFG_inst/O
                         net (fo=9867, routed)        1.120    13.269    CC/GSM/clk_IBUF_BUFG
    SLICE_X45Y62         FDCE                                         r  CC/GSM/dirty_bit_reg[0][54]/C
                         clock pessimism              0.222    13.492    
                         clock uncertainty           -0.035    13.456    
    SLICE_X45Y62         FDCE (Setup_fdce_C_D)        0.030    13.486    CC/GSM/dirty_bit_reg[0][54]
  -------------------------------------------------------------------
                         required time                         13.486    
                         arrival time                         -12.448    
  -------------------------------------------------------------------
                         slack                                  1.038    

Slack (MET) :             1.041ns  (required time - arrival time)
  Source:                 CC/GSM/cache_tag_reg[0][55][12]/C
                            (rising edge-triggered cell FDCE clocked by clk  {rise@0.000ns fall@5.000ns period=10.000ns})
  Destination:            CC/GSM/dirty_bit_reg[0][42]/D
                            (rising edge-triggered cell FDCE clocked by clk  {rise@0.000ns fall@5.000ns period=10.000ns})
  Path Group:             clk
  Path Type:              Setup (Max at Slow Process Corner)
  Requirement:            10.000ns  (clk rise@10.000ns - clk rise@0.000ns)
  Data Path Delay:        8.746ns  (logic 2.279ns (26.058%)  route 6.467ns (73.942%))
  Logic Levels:           11  (CARRY4=2 LUT2=2 LUT5=1 LUT6=6)
  Clock Path Skew:        -0.250ns (DCD - SCD + CPR)
    Destination Clock Delay (DCD):    3.269ns = ( 13.269 - 10.000 ) 
    Source Clock Delay      (SCD):    3.742ns
    Clock Pessimism Removal (CPR):    0.222ns
  Clock Uncertainty:      0.035ns  ((TSJ^2 + TIJ^2)^1/2 + DJ) / 2 + PE
    Total System Jitter     (TSJ):    0.071ns
    Total Input Jitter      (TIJ):    0.000ns
    Discrete Jitter          (DJ):    0.000ns
    Phase Error              (PE):    0.000ns

    Location             Delay type                Incr(ns)  Path(ns)    Netlist Resource(s)
  -------------------------------------------------------------------    -------------------
                         (clock clk rise edge)        0.000     0.000 r  
    M18                                               0.000     0.000 r  clk (IN)
                         net (fo=0)                   0.000     0.000    clk
    M18                  IBUF (Prop_ibuf_I_O)         0.787     0.787 r  clk_IBUF_inst/O
                         net (fo=1, routed)           1.502     2.289    clk_IBUF
    BUFGCTRL_X0Y0        BUFG (Prop_bufg_I_O)         0.076     2.365 r  clk_IBUF_BUFG_inst/O
                         net (fo=9867, routed)        1.376     3.742    CC/GSM/clk_IBUF_BUFG
    SLICE_X53Y100        FDCE                                         r  CC/GSM/cache_tag_reg[0][55][12]/C
  -------------------------------------------------------------------    -------------------
    SLICE_X53Y100        FDCE (Prop_fdce_C_Q)         0.341     4.083 f  CC/GSM/cache_tag_reg[0][55][12]/Q
                         net (fo=2, routed)           0.800     4.882    CC/GSM/cache_tag_reg[0][55]_111[12]
    SLICE_X53Y96         LUT6 (Prop_lut6_I0_O)        0.097     4.979 f  CC/GSM/data_out_OBUF[7]_inst_i_718/O
                         net (fo=1, routed)           0.683     5.662    CC/GSM/data_out_OBUF[7]_inst_i_718_n_0
    SLICE_X53Y87         LUT5 (Prop_lut5_I0_O)        0.097     5.759 r  CC/GSM/data_out_OBUF[7]_inst_i_369/O
                         net (fo=1, routed)           0.545     6.305    CC/GSM/data_out_OBUF[7]_inst_i_369_n_0
    SLICE_X54Y85         LUT6 (Prop_lut6_I0_O)        0.097     6.402 r  CC/GSM/data_out_OBUF[7]_inst_i_233/O
                         net (fo=1, routed)           1.024     7.426    CC/GSM/data_out_OBUF[7]_inst_i_233_n_0
    SLICE_X39Y75         LUT6 (Prop_lut6_I3_O)        0.097     7.523 r  CC/GSM/data_out_OBUF[7]_inst_i_121/O
                         net (fo=1, routed)           0.000     7.523    CC/GSM/data_out_OBUF[7]_inst_i_121_n_0
    SLICE_X39Y75         CARRY4 (Prop_carry4_S[0]_CO[3])
                                                      0.395     7.918 r  CC/GSM/data_out_OBUF[7]_inst_i_52/CO[3]
                         net (fo=1, routed)           0.000     7.918    CC/GSM/data_out_OBUF[7]_inst_i_52_n_0
    SLICE_X39Y76         CARRY4 (Prop_carry4_CI_CO[0])
                                                      0.187     8.105 r  CC/GSM/data_out_OBUF[7]_inst_i_17/CO[0]
                         net (fo=1, routed)           0.847     8.952    CC/GSM/hitx_00
    SLICE_X39Y53         LUT6 (Prop_lut6_I0_O)        0.279     9.231 r  CC/GSM/data_out_OBUF[7]_inst_i_5/O
                         net (fo=65, routed)          0.563     9.793    CC/GSM/A[6]_0
    SLICE_X43Y51         LUT2 (Prop_lut2_I0_O)        0.107     9.900 r  CC/GSM/cache_mem[0][1][15]_i_3/O
                         net (fo=44, routed)          0.716    10.616    CC/cache_fsm/cache_mem_reg[0][14][8]
    SLICE_X50Y48         LUT2 (Prop_lut2_I1_O)        0.246    10.862 r  CC/cache_fsm/dirty_bit[0][16]_i_2/O
                         net (fo=64, routed)          0.968    11.830    CC/GSM/dirty_bit_reg[0][51]_1
    SLICE_X30Y52         LUT6 (Prop_lut6_I4_O)        0.239    12.069 r  CC/GSM/dirty_bit[0][42]_i_2/O
                         net (fo=1, routed)           0.321    12.390    CC/GSM/dirty_bit[0][42]_i_2_n_0
    SLICE_X30Y52         LUT6 (Prop_lut6_I0_O)        0.097    12.487 r  CC/GSM/dirty_bit[0][42]_i_1/O
                         net (fo=1, routed)           0.000    12.487    CC/GSM/dirty_bit[0][42]_i_1_n_0
    SLICE_X30Y52         FDCE                                         r  CC/GSM/dirty_bit_reg[0][42]/D
  -------------------------------------------------------------------    -------------------

                         (clock clk rise edge)       10.000    10.000 r  
    M18                                               0.000    10.000 r  clk (IN)
                         net (fo=0)                   0.000    10.000    clk
    M18                  IBUF (Prop_ibuf_I_O)         0.656    10.656 r  clk_IBUF_inst/O
                         net (fo=1, routed)           1.421    12.077    clk_IBUF
    BUFGCTRL_X0Y0        BUFG (Prop_bufg_I_O)         0.072    12.149 r  clk_IBUF_BUFG_inst/O
                         net (fo=9867, routed)        1.120    13.269    CC/GSM/clk_IBUF_BUFG
    SLICE_X30Y52         FDCE                                         r  CC/GSM/dirty_bit_reg[0][42]/C
                         clock pessimism              0.222    13.492    
                         clock uncertainty           -0.035    13.456    
    SLICE_X30Y52         FDCE (Setup_fdce_C_D)        0.072    13.528    CC/GSM/dirty_bit_reg[0][42]
  -------------------------------------------------------------------
                         required time                         13.528    
                         arrival time                         -12.487    
  -------------------------------------------------------------------
                         slack                                  1.041    





Min Delay Paths
--------------------------------------------------------------------------------------
Slack (MET) :             0.165ns  (arrival time - required time)
  Source:                 DM/DM_addr_reg[9]/C
                            (rising edge-triggered cell FDRE clocked by clk  {rise@0.000ns fall@5.000ns period=10.000ns})
  Destination:            DM/RD_reg[2]/D
                            (rising edge-triggered cell FDRE clocked by clk  {rise@0.000ns fall@5.000ns period=10.000ns})
  Path Group:             clk
  Path Type:              Hold (Min at Fast Process Corner)
  Requirement:            0.000ns  (clk rise@0.000ns - clk rise@0.000ns)
  Data Path Delay:        0.270ns  (logic 0.186ns (68.833%)  route 0.084ns (31.167%))
  Logic Levels:           1  (LUT6=1)
  Clock Path Skew:        0.013ns (DCD - SCD - CPR)
    Destination Clock Delay (DCD):    1.893ns
    Source Clock Delay      (SCD):    1.380ns
    Clock Pessimism Removal (CPR):    0.500ns

    Location             Delay type                Incr(ns)  Path(ns)    Netlist Resource(s)
  -------------------------------------------------------------------    -------------------
                         (clock clk rise edge)        0.000     0.000 r  
    M18                                               0.000     0.000 r  clk (IN)
                         net (fo=0)                   0.000     0.000    clk
    M18                  IBUF (Prop_ibuf_I_O)         0.167     0.167 r  clk_IBUF_inst/O
                         net (fo=1, routed)           0.634     0.801    clk_IBUF
    BUFGCTRL_X0Y0        BUFG (Prop_bufg_I_O)         0.026     0.827 r  clk_IBUF_BUFG_inst/O
                         net (fo=9867, routed)        0.553     1.380    DM/clk_IBUF_BUFG
    SLICE_X36Y28         FDRE                                         r  DM/DM_addr_reg[9]/C
  -------------------------------------------------------------------    -------------------
    SLICE_X36Y28         FDRE (Prop_fdre_C_Q)         0.141     1.521 r  DM/DM_addr_reg[9]/Q
                         net (fo=9, routed)           0.084     1.605    DM/DM_addr_reg[9]_0[4]
    SLICE_X37Y28         LUT6 (Prop_lut6_I2_O)        0.045     1.650 r  DM/RD[2]_i_1/O
                         net (fo=1, routed)           0.000     1.650    DM/p_0_out[2]
    SLICE_X37Y28         FDRE                                         r  DM/RD_reg[2]/D
  -------------------------------------------------------------------    -------------------

                         (clock clk rise edge)        0.000     0.000 r  
    M18                                               0.000     0.000 r  clk (IN)
                         net (fo=0)                   0.000     0.000    clk
    M18                  IBUF (Prop_ibuf_I_O)         0.356     0.356 r  clk_IBUF_inst/O
                         net (fo=1, routed)           0.689     1.044    clk_IBUF
    BUFGCTRL_X0Y0        BUFG (Prop_bufg_I_O)         0.029     1.073 r  clk_IBUF_BUFG_inst/O
                         net (fo=9867, routed)        0.820     1.893    DM/clk_IBUF_BUFG
    SLICE_X37Y28         FDRE                                         r  DM/RD_reg[2]/C
                         clock pessimism             -0.500     1.393    
    SLICE_X37Y28         FDRE (Hold_fdre_C_D)         0.092     1.485    DM/RD_reg[2]
  -------------------------------------------------------------------
                         required time                         -1.485    
                         arrival time                           1.650    
  -------------------------------------------------------------------
                         slack                                  0.165    

Slack (MET) :             0.168ns  (arrival time - required time)
  Source:                 DM/DM_addr_reg[9]/C
                            (rising edge-triggered cell FDRE clocked by clk  {rise@0.000ns fall@5.000ns period=10.000ns})
  Destination:            DM/RD_reg[4]/D
                            (rising edge-triggered cell FDRE clocked by clk  {rise@0.000ns fall@5.000ns period=10.000ns})
  Path Group:             clk
  Path Type:              Hold (Min at Fast Process Corner)
  Requirement:            0.000ns  (clk rise@0.000ns - clk rise@0.000ns)
  Data Path Delay:        0.273ns  (logic 0.186ns (68.077%)  route 0.087ns (31.923%))
  Logic Levels:           1  (LUT6=1)
  Clock Path Skew:        0.013ns (DCD - SCD - CPR)
    Destination Clock Delay (DCD):    1.893ns
    Source Clock Delay      (SCD):    1.380ns
    Clock Pessimism Removal (CPR):    0.500ns

    Location             Delay type                Incr(ns)  Path(ns)    Netlist Resource(s)
  -------------------------------------------------------------------    -------------------
                         (clock clk rise edge)        0.000     0.000 r  
    M18                                               0.000     0.000 r  clk (IN)
                         net (fo=0)                   0.000     0.000    clk
    M18                  IBUF (Prop_ibuf_I_O)         0.167     0.167 r  clk_IBUF_inst/O
                         net (fo=1, routed)           0.634     0.801    clk_IBUF
    BUFGCTRL_X0Y0        BUFG (Prop_bufg_I_O)         0.026     0.827 r  clk_IBUF_BUFG_inst/O
                         net (fo=9867, routed)        0.553     1.380    DM/clk_IBUF_BUFG
    SLICE_X36Y28         FDRE                                         r  DM/DM_addr_reg[9]/C
  -------------------------------------------------------------------    -------------------
    SLICE_X36Y28         FDRE (Prop_fdre_C_Q)         0.141     1.521 r  DM/DM_addr_reg[9]/Q
                         net (fo=9, routed)           0.087     1.608    DM/DM_addr_reg[9]_0[4]
    SLICE_X37Y28         LUT6 (Prop_lut6_I2_O)        0.045     1.653 r  DM/RD[4]_i_1/O
                         net (fo=1, routed)           0.000     1.653    DM/p_0_out[4]
    SLICE_X37Y28         FDRE                                         r  DM/RD_reg[4]/D
  -------------------------------------------------------------------    -------------------

                         (clock clk rise edge)        0.000     0.000 r  
    M18                                               0.000     0.000 r  clk (IN)
                         net (fo=0)                   0.000     0.000    clk
    M18                  IBUF (Prop_ibuf_I_O)         0.356     0.356 r  clk_IBUF_inst/O
                         net (fo=1, routed)           0.689     1.044    clk_IBUF
    BUFGCTRL_X0Y0        BUFG (Prop_bufg_I_O)         0.029     1.073 r  clk_IBUF_BUFG_inst/O
                         net (fo=9867, routed)        0.820     1.893    DM/clk_IBUF_BUFG
    SLICE_X37Y28         FDRE                                         r  DM/RD_reg[4]/C
                         clock pessimism             -0.500     1.393    
    SLICE_X37Y28         FDRE (Hold_fdre_C_D)         0.092     1.485    DM/RD_reg[4]
  -------------------------------------------------------------------
                         required time                         -1.485    
                         arrival time                           1.653    
  -------------------------------------------------------------------
                         slack                                  0.168    

Slack (MET) :             0.212ns  (arrival time - required time)
  Source:                 DM/req_d_reg/C
                            (rising edge-triggered cell FDCE clocked by clk  {rise@0.000ns fall@5.000ns period=10.000ns})
  Destination:            DM/busy_reg/D
                            (rising edge-triggered cell FDCE clocked by clk  {rise@0.000ns fall@5.000ns period=10.000ns})
  Path Group:             clk
  Path Type:              Hold (Min at Fast Process Corner)
  Requirement:            0.000ns  (clk rise@0.000ns - clk rise@0.000ns)
  Data Path Delay:        0.303ns  (logic 0.227ns (74.957%)  route 0.076ns (25.043%))
  Logic Levels:           1  (LUT6=1)
  Clock Path Skew:        0.000ns (DCD - SCD - CPR)
    Destination Clock Delay (DCD):    1.900ns
    Source Clock Delay      (SCD):    1.386ns
    Clock Pessimism Removal (CPR):    0.514ns

    Location             Delay type                Incr(ns)  Path(ns)    Netlist Resource(s)
  -------------------------------------------------------------------    -------------------
                         (clock clk rise edge)        0.000     0.000 r  
    M18                                               0.000     0.000 r  clk (IN)
                         net (fo=0)                   0.000     0.000    clk
    M18                  IBUF (Prop_ibuf_I_O)         0.167     0.167 r  clk_IBUF_inst/O
                         net (fo=1, routed)           0.634     0.801    clk_IBUF
    BUFGCTRL_X0Y0        BUFG (Prop_bufg_I_O)         0.026     0.827 r  clk_IBUF_BUFG_inst/O
                         net (fo=9867, routed)        0.559     1.386    DM/clk_IBUF_BUFG
    SLICE_X33Y35         FDCE                                         r  DM/req_d_reg/C
  -------------------------------------------------------------------    -------------------
    SLICE_X33Y35         FDCE (Prop_fdce_C_Q)         0.128     1.514 f  DM/req_d_reg/Q
                         net (fo=4, routed)           0.076     1.590    DM/req_d
    SLICE_X33Y35         LUT6 (Prop_lut6_I0_O)        0.099     1.689 r  DM/busy_i_1/O
                         net (fo=1, routed)           0.000     1.689    DM/busy_i_1_n_0
    SLICE_X33Y35         FDCE                                         r  DM/busy_reg/D
  -------------------------------------------------------------------    -------------------

                         (clock clk rise edge)        0.000     0.000 r  
    M18                                               0.000     0.000 r  clk (IN)
                         net (fo=0)                   0.000     0.000    clk
    M18                  IBUF (Prop_ibuf_I_O)         0.356     0.356 r  clk_IBUF_inst/O
                         net (fo=1, routed)           0.689     1.044    clk_IBUF
    BUFGCTRL_X0Y0        BUFG (Prop_bufg_I_O)         0.029     1.073 r  clk_IBUF_BUFG_inst/O
                         net (fo=9867, routed)        0.827     1.900    DM/clk_IBUF_BUFG
    SLICE_X33Y35         FDCE                                         r  DM/busy_reg/C
                         clock pessimism             -0.514     1.386    
    SLICE_X33Y35         FDCE (Hold_fdce_C_D)         0.091     1.477    DM/busy_reg
  -------------------------------------------------------------------
                         required time                         -1.477    
                         arrival time                           1.689    
  -------------------------------------------------------------------
                         slack                                  0.212    

Slack (MET) :             0.221ns  (arrival time - required time)
  Source:                 CC/PBUF/pending_addr_reg[27]/C
                            (rising edge-triggered cell FDCE clocked by clk  {rise@0.000ns fall@5.000ns period=10.000ns})
  Destination:            CC/GSM/cache_tag_reg[1][18][20]/D
                            (rising edge-triggered cell FDCE clocked by clk  {rise@0.000ns fall@5.000ns period=10.000ns})
  Path Group:             clk
  Path Type:              Hold (Min at Fast Process Corner)
  Requirement:            0.000ns  (clk rise@0.000ns - clk rise@0.000ns)
  Data Path Delay:        0.557ns  (logic 0.209ns (37.551%)  route 0.348ns (62.449%))
  Logic Levels:           1  (LUT3=1)
  Clock Path Skew:        0.266ns (DCD - SCD - CPR)
    Destination Clock Delay (DCD):    1.901ns
    Source Clock Delay      (SCD):    1.384ns
    Clock Pessimism Removal (CPR):    0.251ns

    Location             Delay type                Incr(ns)  Path(ns)    Netlist Resource(s)
  -------------------------------------------------------------------    -------------------
                         (clock clk rise edge)        0.000     0.000 r  
    M18                                               0.000     0.000 r  clk (IN)
                         net (fo=0)                   0.000     0.000    clk
    M18                  IBUF (Prop_ibuf_I_O)         0.167     0.167 r  clk_IBUF_inst/O
                         net (fo=1, routed)           0.634     0.801    clk_IBUF
    BUFGCTRL_X0Y0        BUFG (Prop_bufg_I_O)         0.026     0.827 r  clk_IBUF_BUFG_inst/O
                         net (fo=9867, routed)        0.557     1.384    CC/PBUF/clk_IBUF_BUFG
    SLICE_X34Y87         FDCE                                         r  CC/PBUF/pending_addr_reg[27]/C
  -------------------------------------------------------------------    -------------------
    SLICE_X34Y87         FDCE (Prop_fdce_C_Q)         0.164     1.548 r  CC/PBUF/pending_addr_reg[27]/Q
                         net (fo=1, routed)           0.162     1.710    CC/cache_fsm/cache_tag_reg[0][63][24][21]
    SLICE_X34Y87         LUT3 (Prop_lut3_I2_O)        0.045     1.755 r  CC/cache_fsm/cache_tag[1][0][20]_i_1/O
                         net (fo=128, routed)         0.186     1.941    CC/GSM/cache_tag_reg[0][63][24]_0[20]
    SLICE_X36Y88         FDCE                                         r  CC/GSM/cache_tag_reg[1][18][20]/D
  -------------------------------------------------------------------    -------------------

                         (clock clk rise edge)        0.000     0.000 r  
    M18                                               0.000     0.000 r  clk (IN)
                         net (fo=0)                   0.000     0.000    clk
    M18                  IBUF (Prop_ibuf_I_O)         0.356     0.356 r  clk_IBUF_inst/O
                         net (fo=1, routed)           0.689     1.044    clk_IBUF
    BUFGCTRL_X0Y0        BUFG (Prop_bufg_I_O)         0.029     1.073 r  clk_IBUF_BUFG_inst/O
                         net (fo=9867, routed)        0.827     1.901    CC/GSM/clk_IBUF_BUFG
    SLICE_X36Y88         FDCE                                         r  CC/GSM/cache_tag_reg[1][18][20]/C
                         clock pessimism             -0.251     1.650    
    SLICE_X36Y88         FDCE (Hold_fdce_C_D)         0.070     1.720    CC/GSM/cache_tag_reg[1][18][20]
  -------------------------------------------------------------------
                         required time                         -1.720    
                         arrival time                           1.941    
  -------------------------------------------------------------------
                         slack                                  0.221    

Slack (MET) :             0.223ns  (arrival time - required time)
  Source:                 CC/GSM/LRU_QUE_reg[0][29][0]/C
                            (rising edge-triggered cell FDCE clocked by clk  {rise@0.000ns fall@5.000ns period=10.000ns})
  Destination:            CC/GSM/LRU_QUE_reg[0][29][0]/D
                            (rising edge-triggered cell FDCE clocked by clk  {rise@0.000ns fall@5.000ns period=10.000ns})
  Path Group:             clk
  Path Type:              Hold (Min at Fast Process Corner)
  Requirement:            0.000ns  (clk rise@0.000ns - clk rise@0.000ns)
  Data Path Delay:        0.314ns  (logic 0.186ns (59.205%)  route 0.128ns (40.795%))
  Logic Levels:           1  (LUT6=1)
  Clock Path Skew:        0.000ns (DCD - SCD - CPR)
    Destination Clock Delay (DCD):    1.904ns
    Source Clock Delay      (SCD):    1.388ns
    Clock Pessimism Removal (CPR):    0.516ns

    Location             Delay type                Incr(ns)  Path(ns)    Netlist Resource(s)
  -------------------------------------------------------------------    -------------------
                         (clock clk rise edge)        0.000     0.000 r  
    M18                                               0.000     0.000 r  clk (IN)
                         net (fo=0)                   0.000     0.000    clk
    M18                  IBUF (Prop_ibuf_I_O)         0.167     0.167 r  clk_IBUF_inst/O
                         net (fo=1, routed)           0.634     0.801    clk_IBUF
    BUFGCTRL_X0Y0        BUFG (Prop_bufg_I_O)         0.026     0.827 r  clk_IBUF_BUFG_inst/O
                         net (fo=9867, routed)        0.561     1.388    CC/GSM/clk_IBUF_BUFG
    SLICE_X41Y54         FDCE                                         r  CC/GSM/LRU_QUE_reg[0][29][0]/C
  -------------------------------------------------------------------    -------------------
    SLICE_X41Y54         FDCE (Prop_fdce_C_Q)         0.141     1.529 r  CC/GSM/LRU_QUE_reg[0][29][0]/Q
                         net (fo=4, routed)           0.128     1.657    CC/GSM/LRU_QUE_reg_n_0_[0][29][0]
    SLICE_X41Y54         LUT6 (Prop_lut6_I5_O)        0.045     1.702 r  CC/GSM/LRU_QUE[0][29][0]_i_1/O
                         net (fo=1, routed)           0.000     1.702    CC/GSM/LRU_QUE[0][29][0]_i_1_n_0
    SLICE_X41Y54         FDCE                                         r  CC/GSM/LRU_QUE_reg[0][29][0]/D
  -------------------------------------------------------------------    -------------------

                         (clock clk rise edge)        0.000     0.000 r  
    M18                                               0.000     0.000 r  clk (IN)
                         net (fo=0)                   0.000     0.000    clk
    M18                  IBUF (Prop_ibuf_I_O)         0.356     0.356 r  clk_IBUF_inst/O
                         net (fo=1, routed)           0.689     1.044    clk_IBUF
    BUFGCTRL_X0Y0        BUFG (Prop_bufg_I_O)         0.029     1.073 r  clk_IBUF_BUFG_inst/O
                         net (fo=9867, routed)        0.831     1.904    CC/GSM/clk_IBUF_BUFG
    SLICE_X41Y54         FDCE                                         r  CC/GSM/LRU_QUE_reg[0][29][0]/C
                         clock pessimism             -0.516     1.388    
    SLICE_X41Y54         FDCE (Hold_fdce_C_D)         0.091     1.479    CC/GSM/LRU_QUE_reg[0][29][0]
  -------------------------------------------------------------------
                         required time                         -1.479    
                         arrival time                           1.702    
  -------------------------------------------------------------------
                         slack                                  0.223    

Slack (MET) :             0.225ns  (arrival time - required time)
  Source:                 CC/GSM/LRU_QUE_reg[0][30][0]/C
                            (rising edge-triggered cell FDCE clocked by clk  {rise@0.000ns fall@5.000ns period=10.000ns})
  Destination:            CC/GSM/LRU_QUE_reg[0][30][0]/D
                            (rising edge-triggered cell FDCE clocked by clk  {rise@0.000ns fall@5.000ns period=10.000ns})
  Path Group:             clk
  Path Type:              Hold (Min at Fast Process Corner)
  Requirement:            0.000ns  (clk rise@0.000ns - clk rise@0.000ns)
  Data Path Delay:        0.316ns  (logic 0.186ns (58.853%)  route 0.130ns (41.147%))
  Logic Levels:           1  (LUT6=1)
  Clock Path Skew:        0.000ns (DCD - SCD - CPR)
    Destination Clock Delay (DCD):    1.904ns
    Source Clock Delay      (SCD):    1.388ns
    Clock Pessimism Removal (CPR):    0.516ns

    Location             Delay type                Incr(ns)  Path(ns)    Netlist Resource(s)
  -------------------------------------------------------------------    -------------------
                         (clock clk rise edge)        0.000     0.000 r  
    M18                                               0.000     0.000 r  clk (IN)
                         net (fo=0)                   0.000     0.000    clk
    M18                  IBUF (Prop_ibuf_I_O)         0.167     0.167 r  clk_IBUF_inst/O
                         net (fo=1, routed)           0.634     0.801    clk_IBUF
    BUFGCTRL_X0Y0        BUFG (Prop_bufg_I_O)         0.026     0.827 r  clk_IBUF_BUFG_inst/O
                         net (fo=9867, routed)        0.561     1.388    CC/GSM/clk_IBUF_BUFG
    SLICE_X43Y54         FDCE                                         r  CC/GSM/LRU_QUE_reg[0][30][0]/C
  -------------------------------------------------------------------    -------------------
    SLICE_X43Y54         FDCE (Prop_fdce_C_Q)         0.141     1.529 r  CC/GSM/LRU_QUE_reg[0][30][0]/Q
                         net (fo=4, routed)           0.130     1.659    CC/GSM/LRU_QUE_reg_n_0_[0][30][0]
    SLICE_X43Y54         LUT6 (Prop_lut6_I5_O)        0.045     1.704 r  CC/GSM/LRU_QUE[0][30][0]_i_1/O
                         net (fo=1, routed)           0.000     1.704    CC/GSM/LRU_QUE[0][30][0]_i_1_n_0
    SLICE_X43Y54         FDCE                                         r  CC/GSM/LRU_QUE_reg[0][30][0]/D
  -------------------------------------------------------------------    -------------------

                         (clock clk rise edge)        0.000     0.000 r  
    M18                                               0.000     0.000 r  clk (IN)
                         net (fo=0)                   0.000     0.000    clk
    M18                  IBUF (Prop_ibuf_I_O)         0.356     0.356 r  clk_IBUF_inst/O
                         net (fo=1, routed)           0.689     1.044    clk_IBUF
    BUFGCTRL_X0Y0        BUFG (Prop_bufg_I_O)         0.029     1.073 r  clk_IBUF_BUFG_inst/O
                         net (fo=9867, routed)        0.831     1.904    CC/GSM/clk_IBUF_BUFG
    SLICE_X43Y54         FDCE                                         r  CC/GSM/LRU_QUE_reg[0][30][0]/C
                         clock pessimism             -0.516     1.388    
    SLICE_X43Y54         FDCE (Hold_fdce_C_D)         0.091     1.479    CC/GSM/LRU_QUE_reg[0][30][0]
  -------------------------------------------------------------------
                         required time                         -1.479    
                         arrival time                           1.704    
  -------------------------------------------------------------------
                         slack                                  0.225    

Slack (MET) :             0.235ns  (arrival time - required time)
  Source:                 CC/GSM/valid_bit_reg[1][58]/C
                            (rising edge-triggered cell FDCE clocked by clk  {rise@0.000ns fall@5.000ns period=10.000ns})
  Destination:            CC/GSM/valid_bit_reg[1][58]/D
                            (rising edge-triggered cell FDCE clocked by clk  {rise@0.000ns fall@5.000ns period=10.000ns})
  Path Group:             clk
  Path Type:              Hold (Min at Fast Process Corner)
  Requirement:            0.000ns  (clk rise@0.000ns - clk rise@0.000ns)
  Data Path Delay:        0.356ns  (logic 0.209ns (58.656%)  route 0.147ns (41.344%))
  Logic Levels:           1  (LUT6=1)
  Clock Path Skew:        0.000ns (DCD - SCD - CPR)
    Destination Clock Delay (DCD):    1.904ns
    Source Clock Delay      (SCD):    1.388ns
    Clock Pessimism Removal (CPR):    0.516ns

    Location             Delay type                Incr(ns)  Path(ns)    Netlist Resource(s)
  -------------------------------------------------------------------    -------------------
                         (clock clk rise edge)        0.000     0.000 r  
    M18                                               0.000     0.000 r  clk (IN)
                         net (fo=0)                   0.000     0.000    clk
    M18                  IBUF (Prop_ibuf_I_O)         0.167     0.167 r  clk_IBUF_inst/O
                         net (fo=1, routed)           0.634     0.801    clk_IBUF
    BUFGCTRL_X0Y0        BUFG (Prop_bufg_I_O)         0.026     0.827 r  clk_IBUF_BUFG_inst/O
                         net (fo=9867, routed)        0.561     1.388    CC/GSM/clk_IBUF_BUFG
    SLICE_X46Y59         FDCE                                         r  CC/GSM/valid_bit_reg[1][58]/C
  -------------------------------------------------------------------    -------------------
    SLICE_X46Y59         FDCE (Prop_fdce_C_Q)         0.164     1.552 r  CC/GSM/valid_bit_reg[1][58]/Q
                         net (fo=4, routed)           0.147     1.699    CC/GSM/valid_bit_reg_n_0_[1][58]
    SLICE_X46Y59         LUT6 (Prop_lut6_I5_O)        0.045     1.744 r  CC/GSM/valid_bit[1][58]_i_1/O
                         net (fo=1, routed)           0.000     1.744    CC/GSM/valid_bit[1][58]_i_1_n_0
    SLICE_X46Y59         FDCE                                         r  CC/GSM/valid_bit_reg[1][58]/D
  -------------------------------------------------------------------    -------------------

                         (clock clk rise edge)        0.000     0.000 r  
    M18                                               0.000     0.000 r  clk (IN)
                         net (fo=0)                   0.000     0.000    clk
    M18                  IBUF (Prop_ibuf_I_O)         0.356     0.356 r  clk_IBUF_inst/O
                         net (fo=1, routed)           0.689     1.044    clk_IBUF
    BUFGCTRL_X0Y0        BUFG (Prop_bufg_I_O)         0.029     1.073 r  clk_IBUF_BUFG_inst/O
                         net (fo=9867, routed)        0.831     1.904    CC/GSM/clk_IBUF_BUFG
    SLICE_X46Y59         FDCE                                         r  CC/GSM/valid_bit_reg[1][58]/C
                         clock pessimism             -0.516     1.388    
    SLICE_X46Y59         FDCE (Hold_fdce_C_D)         0.121     1.509    CC/GSM/valid_bit_reg[1][58]
  -------------------------------------------------------------------
                         required time                         -1.509    
                         arrival time                           1.744    
  -------------------------------------------------------------------
                         slack                                  0.235    

Slack (MET) :             0.243ns  (arrival time - required time)
  Source:                 CC/cache_fsm/FSM_onehot_state_reg[2]/C
                            (rising edge-triggered cell FDCE clocked by clk  {rise@0.000ns fall@5.000ns period=10.000ns})
  Destination:            DM/DM_addr_reg[2]/D
                            (rising edge-triggered cell FDRE clocked by clk  {rise@0.000ns fall@5.000ns period=10.000ns})
  Path Group:             clk
  Path Type:              Hold (Min at Fast Process Corner)
  Requirement:            0.000ns  (clk rise@0.000ns - clk rise@0.000ns)
  Data Path Delay:        0.630ns  (logic 0.186ns (29.518%)  route 0.444ns (70.482%))
  Logic Levels:           1  (LUT3=1)
  Clock Path Skew:        0.267ns (DCD - SCD - CPR)
    Destination Clock Delay (DCD):    1.903ns
    Source Clock Delay      (SCD):    1.390ns
    Clock Pessimism Removal (CPR):    0.246ns

    Location             Delay type                Incr(ns)  Path(ns)    Netlist Resource(s)
  -------------------------------------------------------------------    -------------------
                         (clock clk rise edge)        0.000     0.000 r  
    M18                                               0.000     0.000 r  clk (IN)
                         net (fo=0)                   0.000     0.000    clk
    M18                  IBUF (Prop_ibuf_I_O)         0.167     0.167 r  clk_IBUF_inst/O
                         net (fo=1, routed)           0.634     0.801    clk_IBUF
    BUFGCTRL_X0Y0        BUFG (Prop_bufg_I_O)         0.026     0.827 r  clk_IBUF_BUFG_inst/O
                         net (fo=9867, routed)        0.563     1.390    CC/cache_fsm/clk_IBUF_BUFG
    SLICE_X36Y46         FDCE                                         r  CC/cache_fsm/FSM_onehot_state_reg[2]/C
  -------------------------------------------------------------------    -------------------
    SLICE_X36Y46         FDCE (Prop_fdce_C_Q)         0.141     1.531 r  CC/cache_fsm/FSM_onehot_state_reg[2]/Q
                         net (fo=89, routed)          0.444     1.975    CC/PBUF/DM_addr_reg[1]_rep__7[1]
    SLICE_X38Y55         LUT3 (Prop_lut3_I1_O)        0.045     2.020 r  CC/PBUF/DM_addr[2]_i_1/O
                         net (fo=1, routed)           0.000     2.020    DM/DM_addr_reg[2]_0
    SLICE_X38Y55         FDRE                                         r  DM/DM_addr_reg[2]/D
  -------------------------------------------------------------------    -------------------

                         (clock clk rise edge)        0.000     0.000 r  
    M18                                               0.000     0.000 r  clk (IN)
                         net (fo=0)                   0.000     0.000    clk
    M18                  IBUF (Prop_ibuf_I_O)         0.356     0.356 r  clk_IBUF_inst/O
                         net (fo=1, routed)           0.689     1.044    clk_IBUF
    BUFGCTRL_X0Y0        BUFG (Prop_bufg_I_O)         0.029     1.073 r  clk_IBUF_BUFG_inst/O
                         net (fo=9867, routed)        0.829     1.903    DM/clk_IBUF_BUFG
    SLICE_X38Y55         FDRE                                         r  DM/DM_addr_reg[2]/C
                         clock pessimism             -0.246     1.657    
    SLICE_X38Y55         FDRE (Hold_fdre_C_D)         0.120     1.777    DM/DM_addr_reg[2]
  -------------------------------------------------------------------
                         required time                         -1.777    
                         arrival time                           2.020    
  -------------------------------------------------------------------
                         slack                                  0.243    

Slack (MET) :             0.249ns  (arrival time - required time)
  Source:                 CC/GSM/valid_bit_reg[0][31]/C
                            (rising edge-triggered cell FDCE clocked by clk  {rise@0.000ns fall@5.000ns period=10.000ns})
  Destination:            CC/GSM/valid_bit_reg[0][31]/D
                            (rising edge-triggered cell FDCE clocked by clk  {rise@0.000ns fall@5.000ns period=10.000ns})
  Path Group:             clk
  Path Type:              Hold (Min at Fast Process Corner)
  Requirement:            0.000ns  (clk rise@0.000ns - clk rise@0.000ns)
  Data Path Delay:        0.370ns  (logic 0.209ns (56.548%)  route 0.161ns (43.452%))
  Logic Levels:           1  (LUT6=1)
  Clock Path Skew:        0.000ns (DCD - SCD - CPR)
    Destination Clock Delay (DCD):    1.905ns
    Source Clock Delay      (SCD):    1.389ns
    Clock Pessimism Removal (CPR):    0.516ns

    Location             Delay type                Incr(ns)  Path(ns)    Netlist Resource(s)
  -------------------------------------------------------------------    -------------------
                         (clock clk rise edge)        0.000     0.000 r  
    M18                                               0.000     0.000 r  clk (IN)
                         net (fo=0)                   0.000     0.000    clk
    M18                  IBUF (Prop_ibuf_I_O)         0.167     0.167 r  clk_IBUF_inst/O
                         net (fo=1, routed)           0.634     0.801    clk_IBUF
    BUFGCTRL_X0Y0        BUFG (Prop_bufg_I_O)         0.026     0.827 r  clk_IBUF_BUFG_inst/O
                         net (fo=9867, routed)        0.562     1.389    CC/GSM/clk_IBUF_BUFG
    SLICE_X46Y56         FDCE                                         r  CC/GSM/valid_bit_reg[0][31]/C
  -------------------------------------------------------------------    -------------------
    SLICE_X46Y56         FDCE (Prop_fdce_C_Q)         0.164     1.553 r  CC/GSM/valid_bit_reg[0][31]/Q
                         net (fo=4, routed)           0.161     1.714    CC/GSM/valid_bit_reg_n_0_[0][31]
    SLICE_X46Y56         LUT6 (Prop_lut6_I5_O)        0.045     1.759 r  CC/GSM/valid_bit[0][31]_i_1/O
                         net (fo=1, routed)           0.000     1.759    CC/GSM/valid_bit[0][31]_i_1_n_0
    SLICE_X46Y56         FDCE                                         r  CC/GSM/valid_bit_reg[0][31]/D
  -------------------------------------------------------------------    -------------------

                         (clock clk rise edge)        0.000     0.000 r  
    M18                                               0.000     0.000 r  clk (IN)
                         net (fo=0)                   0.000     0.000    clk
    M18                  IBUF (Prop_ibuf_I_O)         0.356     0.356 r  clk_IBUF_inst/O
                         net (fo=1, routed)           0.689     1.044    clk_IBUF
    BUFGCTRL_X0Y0        BUFG (Prop_bufg_I_O)         0.029     1.073 r  clk_IBUF_BUFG_inst/O
                         net (fo=9867, routed)        0.831     1.905    CC/GSM/clk_IBUF_BUFG
    SLICE_X46Y56         FDCE                                         r  CC/GSM/valid_bit_reg[0][31]/C
                         clock pessimism             -0.516     1.389    
    SLICE_X46Y56         FDCE (Hold_fdce_C_D)         0.121     1.510    CC/GSM/valid_bit_reg[0][31]
  -------------------------------------------------------------------
                         required time                         -1.510    
                         arrival time                           1.759    
  -------------------------------------------------------------------
                         slack                                  0.249    

Slack (MET) :             0.254ns  (arrival time - required time)
  Source:                 DM/count_reg[1]/C
                            (rising edge-triggered cell FDCE clocked by clk  {rise@0.000ns fall@5.000ns period=10.000ns})
  Destination:            DM/count_reg[0]/D
                            (rising edge-triggered cell FDCE clocked by clk  {rise@0.000ns fall@5.000ns period=10.000ns})
  Path Group:             clk
  Path Type:              Hold (Min at Fast Process Corner)
  Requirement:            0.000ns  (clk rise@0.000ns - clk rise@0.000ns)
  Data Path Delay:        0.374ns  (logic 0.209ns (55.914%)  route 0.165ns (44.086%))
  Logic Levels:           1  (LUT6=1)
  Clock Path Skew:        0.000ns (DCD - SCD - CPR)
    Destination Clock Delay (DCD):    1.892ns
    Source Clock Delay      (SCD):    1.380ns
    Clock Pessimism Removal (CPR):    0.512ns

    Location             Delay type                Incr(ns)  Path(ns)    Netlist Resource(s)
  -------------------------------------------------------------------    -------------------
                         (clock clk rise edge)        0.000     0.000 r  
    M18                                               0.000     0.000 r  clk (IN)
                         net (fo=0)                   0.000     0.000    clk
    M18                  IBUF (Prop_ibuf_I_O)         0.167     0.167 r  clk_IBUF_inst/O
                         net (fo=1, routed)           0.634     0.801    clk_IBUF
    BUFGCTRL_X0Y0        BUFG (Prop_bufg_I_O)         0.026     0.827 r  clk_IBUF_BUFG_inst/O
                         net (fo=9867, routed)        0.553     1.380    DM/clk_IBUF_BUFG
    SLICE_X30Y27         FDCE                                         r  DM/count_reg[1]/C
  -------------------------------------------------------------------    -------------------
    SLICE_X30Y27         FDCE (Prop_fdce_C_Q)         0.164     1.544 r  DM/count_reg[1]/Q
                         net (fo=5, routed)           0.165     1.709    DM/count_reg_n_0_[1]
    SLICE_X30Y27         LUT6 (Prop_lut6_I3_O)        0.045     1.754 r  DM/count[0]_i_1/O
                         net (fo=1, routed)           0.000     1.754    DM/count[0]_i_1_n_0
    SLICE_X30Y27         FDCE                                         r  DM/count_reg[0]/D
  -------------------------------------------------------------------    -------------------

                         (clock clk rise edge)        0.000     0.000 r  
    M18                                               0.000     0.000 r  clk (IN)
                         net (fo=0)                   0.000     0.000    clk
    M18                  IBUF (Prop_ibuf_I_O)         0.356     0.356 r  clk_IBUF_inst/O
                         net (fo=1, routed)           0.689     1.044    clk_IBUF
    BUFGCTRL_X0Y0        BUFG (Prop_bufg_I_O)         0.029     1.073 r  clk_IBUF_BUFG_inst/O
                         net (fo=9867, routed)        0.819     1.892    DM/clk_IBUF_BUFG
    SLICE_X30Y27         FDCE                                         r  DM/count_reg[0]/C
                         clock pessimism             -0.512     1.380    
    SLICE_X30Y27         FDCE (Hold_fdce_C_D)         0.120     1.500    DM/count_reg[0]
  -------------------------------------------------------------------
                         required time                         -1.500    
                         arrival time                           1.754    
  -------------------------------------------------------------------
                         slack                                  0.254    





Pulse Width Checks
--------------------------------------------------------------------------------------
Clock Name:         clk
Waveform(ns):       { 0.000 5.000 }
Period(ns):         10.000
Sources:            { clk }

Check Type        Corner  Lib Pin  Reference Pin  Required(ns)  Actual(ns)  Slack(ns)  Location       Pin
Min Period        n/a     BUFG/I   n/a            1.592         10.000      8.408      BUFGCTRL_X0Y0  clk_IBUF_BUFG_inst/I
Min Period        n/a     FDCE/C   n/a            1.000         10.000      9.000      SLICE_X36Y48   CC/GSM/LRU_QUE_reg[0][0][0]/C
Min Period        n/a     FDCE/C   n/a            1.000         10.000      9.000      SLICE_X36Y50   CC/GSM/LRU_QUE_reg[0][10][0]/C
Min Period        n/a     FDCE/C   n/a            1.000         10.000      9.000      SLICE_X37Y49   CC/GSM/LRU_QUE_reg[0][11][0]/C
Min Period        n/a     FDCE/C   n/a            1.000         10.000      9.000      SLICE_X34Y48   CC/GSM/LRU_QUE_reg[0][12][0]/C
Min Period        n/a     FDCE/C   n/a            1.000         10.000      9.000      SLICE_X32Y46   CC/GSM/LRU_QUE_reg[0][13][0]/C
Min Period        n/a     FDCE/C   n/a            1.000         10.000      9.000      SLICE_X33Y48   CC/GSM/LRU_QUE_reg[0][14][0]/C
Min Period        n/a     FDCE/C   n/a            1.000         10.000      9.000      SLICE_X34Y48   CC/GSM/LRU_QUE_reg[0][15][0]/C
Min Period        n/a     FDCE/C   n/a            1.000         10.000      9.000      SLICE_X41Y55   CC/GSM/LRU_QUE_reg[0][16][0]/C
Min Period        n/a     FDCE/C   n/a            1.000         10.000      9.000      SLICE_X42Y55   CC/GSM/LRU_QUE_reg[0][17][0]/C
Low Pulse Width   Slow    FDCE/C   n/a            0.500         5.000       4.500      SLICE_X36Y48   CC/GSM/LRU_QUE_reg[0][0][0]/C
Low Pulse Width   Fast    FDCE/C   n/a            0.500         5.000       4.500      SLICE_X36Y48   CC/GSM/LRU_QUE_reg[0][0][0]/C
Low Pulse Width   Slow    FDCE/C   n/a            0.500         5.000       4.500      SLICE_X36Y50   CC/GSM/LRU_QUE_reg[0][10][0]/C
Low Pulse Width   Fast    FDCE/C   n/a            0.500         5.000       4.500      SLICE_X36Y50   CC/GSM/LRU_QUE_reg[0][10][0]/C
Low Pulse Width   Slow    FDCE/C   n/a            0.500         5.000       4.500      SLICE_X37Y49   CC/GSM/LRU_QUE_reg[0][11][0]/C
Low Pulse Width   Fast    FDCE/C   n/a            0.500         5.000       4.500      SLICE_X37Y49   CC/GSM/LRU_QUE_reg[0][11][0]/C
Low Pulse Width   Slow    FDCE/C   n/a            0.500         5.000       4.500      SLICE_X34Y48   CC/GSM/LRU_QUE_reg[0][12][0]/C
Low Pulse Width   Fast    FDCE/C   n/a            0.500         5.000       4.500      SLICE_X34Y48   CC/GSM/LRU_QUE_reg[0][12][0]/C
Low Pulse Width   Slow    FDCE/C   n/a            0.500         5.000       4.500      SLICE_X32Y46   CC/GSM/LRU_QUE_reg[0][13][0]/C
Low Pulse Width   Fast    FDCE/C   n/a            0.500         5.000       4.500      SLICE_X32Y46   CC/GSM/LRU_QUE_reg[0][13][0]/C
High Pulse Width  Slow    FDCE/C   n/a            0.500         5.000       4.500      SLICE_X36Y48   CC/GSM/LRU_QUE_reg[0][0][0]/C
High Pulse Width  Fast    FDCE/C   n/a            0.500         5.000       4.500      SLICE_X36Y48   CC/GSM/LRU_QUE_reg[0][0][0]/C
High Pulse Width  Slow    FDCE/C   n/a            0.500         5.000       4.500      SLICE_X36Y50   CC/GSM/LRU_QUE_reg[0][10][0]/C
High Pulse Width  Fast    FDCE/C   n/a            0.500         5.000       4.500      SLICE_X36Y50   CC/GSM/LRU_QUE_reg[0][10][0]/C
High Pulse Width  Slow    FDCE/C   n/a            0.500         5.000       4.500      SLICE_X37Y49   CC/GSM/LRU_QUE_reg[0][11][0]/C
High Pulse Width  Fast    FDCE/C   n/a            0.500         5.000       4.500      SLICE_X37Y49   CC/GSM/LRU_QUE_reg[0][11][0]/C
High Pulse Width  Slow    FDCE/C   n/a            0.500         5.000       4.500      SLICE_X34Y48   CC/GSM/LRU_QUE_reg[0][12][0]/C
High Pulse Width  Fast    FDCE/C   n/a            0.500         5.000       4.500      SLICE_X34Y48   CC/GSM/LRU_QUE_reg[0][12][0]/C
High Pulse Width  Slow    FDCE/C   n/a            0.500         5.000       4.500      SLICE_X32Y46   CC/GSM/LRU_QUE_reg[0][13][0]/C
High Pulse Width  Fast    FDCE/C   n/a            0.500         5.000       4.500      SLICE_X32Y46   CC/GSM/LRU_QUE_reg[0][13][0]/C



--------------------------------------------------------------------------------------
Path Group:  (none)
From Clock:  
  To Clock:  

Max Delay             8 Endpoints
Min Delay             8 Endpoints
--------------------------------------------------------------------------------------


Max Delay Paths
--------------------------------------------------------------------------------------
Slack:                    inf
  Source:                 A[3]
                            (input port)
  Destination:            data_out[6]
                            (output port)
  Path Group:             (none)
  Path Type:              Max at Slow Process Corner
  Data Path Delay:        29.685ns  (logic 3.653ns (12.307%)  route 26.032ns (87.693%))
  Logic Levels:           7  (IBUF=1 LUT2=1 LUT4=1 LUT5=2 LUT6=1 OBUF=1)

    Location             Delay type                Incr(ns)  Path(ns)    Netlist Resource(s)
  -------------------------------------------------------------------    -------------------
    U16                                               0.000     0.000 f  A[3] (IN)
                         net (fo=0)                   0.000     0.000    A[3]
    U16                  IBUF (Prop_ibuf_I_O)         0.784     0.784 f  A_IBUF[3]_inst/O
                         net (fo=319, routed)        10.992    11.776    CC/GSM/A_IBUF[3]
    SLICE_X64Y81         LUT2 (Prop_lut2_I0_O)        0.100    11.876 r  CC/GSM/dirty_bit[0][0]_i_4/O
                         net (fo=263, routed)         9.358    21.234    CC/GSM/A[3]_8
    SLICE_X44Y49         LUT4 (Prop_lut4_I2_O)        0.234    21.468 r  CC/GSM/data_out_OBUF[7]_inst_i_45/O
                         net (fo=1, routed)           0.414    21.882    CC/GSM/data_out_OBUF[7]_inst_i_45_n_0
    SLICE_X43Y52         LUT5 (Prop_lut5_I4_O)        0.097    21.979 f  CC/GSM/data_out_OBUF[7]_inst_i_14/O
                         net (fo=1, routed)           0.955    22.934    CC/GSM/data_out_OBUF[7]_inst_i_14_n_0
    SLICE_X39Y56         LUT6 (Prop_lut6_I1_O)        0.097    23.031 r  CC/GSM/data_out_OBUF[7]_inst_i_4/O
                         net (fo=69, routed)          1.861    24.891    CC/GSM/A[6]_12
    SLICE_X55Y44         LUT5 (Prop_lut5_I1_O)        0.097    24.988 r  CC/GSM/data_out_OBUF[6]_inst_i_1/O
                         net (fo=1, routed)           2.453    27.441    data_out_OBUF[6]
    D19                  OBUF (Prop_obuf_I_O)         2.244    29.685 r  data_out_OBUF[6]_inst/O
                         net (fo=0)                   0.000    29.685    data_out[6]
    D19                                                               r  data_out[6] (OUT)
  -------------------------------------------------------------------    -------------------

Slack:                    inf
  Source:                 A[3]
                            (input port)
  Destination:            data_out[4]
                            (output port)
  Path Group:             (none)
  Path Type:              Max at Slow Process Corner
  Data Path Delay:        29.449ns  (logic 3.647ns (12.385%)  route 25.802ns (87.615%))
  Logic Levels:           7  (IBUF=1 LUT2=1 LUT4=1 LUT5=2 LUT6=1 OBUF=1)

    Location             Delay type                Incr(ns)  Path(ns)    Netlist Resource(s)
  -------------------------------------------------------------------    -------------------
    U16                                               0.000     0.000 f  A[3] (IN)
                         net (fo=0)                   0.000     0.000    A[3]
    U16                  IBUF (Prop_ibuf_I_O)         0.784     0.784 f  A_IBUF[3]_inst/O
                         net (fo=319, routed)        10.992    11.776    CC/GSM/A_IBUF[3]
    SLICE_X64Y81         LUT2 (Prop_lut2_I0_O)        0.100    11.876 r  CC/GSM/dirty_bit[0][0]_i_4/O
                         net (fo=263, routed)         9.358    21.234    CC/GSM/A[3]_8
    SLICE_X44Y49         LUT4 (Prop_lut4_I2_O)        0.234    21.468 r  CC/GSM/data_out_OBUF[7]_inst_i_45/O
                         net (fo=1, routed)           0.414    21.882    CC/GSM/data_out_OBUF[7]_inst_i_45_n_0
    SLICE_X43Y52         LUT5 (Prop_lut5_I4_O)        0.097    21.979 f  CC/GSM/data_out_OBUF[7]_inst_i_14/O
                         net (fo=1, routed)           0.955    22.934    CC/GSM/data_out_OBUF[7]_inst_i_14_n_0
    SLICE_X39Y56         LUT6 (Prop_lut6_I1_O)        0.097    23.031 r  CC/GSM/data_out_OBUF[7]_inst_i_4/O
                         net (fo=69, routed)          1.859    24.889    CC/GSM/A[6]_12
    SLICE_X55Y44         LUT5 (Prop_lut5_I1_O)        0.097    24.986 r  CC/GSM/data_out_OBUF[4]_inst_i_1/O
                         net (fo=1, routed)           2.224    27.211    data_out_OBUF[4]
    F18                  OBUF (Prop_obuf_I_O)         2.238    29.449 r  data_out_OBUF[4]_inst/O
                         net (fo=0)                   0.000    29.449    data_out[4]
    F18                                                               r  data_out[4] (OUT)
  -------------------------------------------------------------------    -------------------

Slack:                    inf
  Source:                 A[3]
                            (input port)
  Destination:            data_out[0]
                            (output port)
  Path Group:             (none)
  Path Type:              Max at Slow Process Corner
  Data Path Delay:        29.112ns  (logic 3.649ns (12.535%)  route 25.463ns (87.465%))
  Logic Levels:           7  (IBUF=1 LUT2=1 LUT4=1 LUT5=2 LUT6=1 OBUF=1)

    Location             Delay type                Incr(ns)  Path(ns)    Netlist Resource(s)
  -------------------------------------------------------------------    -------------------
    U16                                               0.000     0.000 f  A[3] (IN)
                         net (fo=0)                   0.000     0.000    A[3]
    U16                  IBUF (Prop_ibuf_I_O)         0.784     0.784 f  A_IBUF[3]_inst/O
                         net (fo=319, routed)        10.992    11.776    CC/GSM/A_IBUF[3]
    SLICE_X64Y81         LUT2 (Prop_lut2_I0_O)        0.100    11.876 r  CC/GSM/dirty_bit[0][0]_i_4/O
                         net (fo=263, routed)         9.358    21.234    CC/GSM/A[3]_8
    SLICE_X44Y49         LUT4 (Prop_lut4_I2_O)        0.234    21.468 r  CC/GSM/data_out_OBUF[7]_inst_i_45/O
                         net (fo=1, routed)           0.414    21.882    CC/GSM/data_out_OBUF[7]_inst_i_45_n_0
    SLICE_X43Y52         LUT5 (Prop_lut5_I4_O)        0.097    21.979 f  CC/GSM/data_out_OBUF[7]_inst_i_14/O
                         net (fo=1, routed)           0.955    22.934    CC/GSM/data_out_OBUF[7]_inst_i_14_n_0
    SLICE_X39Y56         LUT6 (Prop_lut6_I1_O)        0.097    23.031 r  CC/GSM/data_out_OBUF[7]_inst_i_4/O
                         net (fo=69, routed)          1.753    24.784    CC/GSM/A[6]_12
    SLICE_X54Y43         LUT5 (Prop_lut5_I1_O)        0.097    24.881 r  CC/GSM/data_out_OBUF[0]_inst_i_1/O
                         net (fo=1, routed)           1.991    26.872    data_out_OBUF[0]
    G19                  OBUF (Prop_obuf_I_O)         2.240    29.112 r  data_out_OBUF[0]_inst/O
                         net (fo=0)                   0.000    29.112    data_out[0]
    G19                                                               r  data_out[0] (OUT)
  -------------------------------------------------------------------    -------------------

Slack:                    inf
  Source:                 A[3]
                            (input port)
  Destination:            data_out[3]
                            (output port)
  Path Group:             (none)
  Path Type:              Max at Slow Process Corner
  Data Path Delay:        29.095ns  (logic 3.661ns (12.581%)  route 25.435ns (87.419%))
  Logic Levels:           7  (IBUF=1 LUT2=1 LUT4=1 LUT5=2 LUT6=1 OBUF=1)

    Location             Delay type                Incr(ns)  Path(ns)    Netlist Resource(s)
  -------------------------------------------------------------------    -------------------
    U16                                               0.000     0.000 f  A[3] (IN)
                         net (fo=0)                   0.000     0.000    A[3]
    U16                  IBUF (Prop_ibuf_I_O)         0.784     0.784 f  A_IBUF[3]_inst/O
                         net (fo=319, routed)        10.992    11.776    CC/GSM/A_IBUF[3]
    SLICE_X64Y81         LUT2 (Prop_lut2_I0_O)        0.100    11.876 r  CC/GSM/dirty_bit[0][0]_i_4/O
                         net (fo=263, routed)         9.358    21.234    CC/GSM/A[3]_8
    SLICE_X44Y49         LUT4 (Prop_lut4_I2_O)        0.234    21.468 r  CC/GSM/data_out_OBUF[7]_inst_i_45/O
                         net (fo=1, routed)           0.414    21.882    CC/GSM/data_out_OBUF[7]_inst_i_45_n_0
    SLICE_X43Y52         LUT5 (Prop_lut5_I4_O)        0.097    21.979 f  CC/GSM/data_out_OBUF[7]_inst_i_14/O
                         net (fo=1, routed)           0.955    22.934    CC/GSM/data_out_OBUF[7]_inst_i_14_n_0
    SLICE_X39Y56         LUT6 (Prop_lut6_I1_O)        0.097    23.031 r  CC/GSM/data_out_OBUF[7]_inst_i_4/O
                         net (fo=69, routed)          1.412    24.443    CC/GSM/A[6]_12
    SLICE_X50Y43         LUT5 (Prop_lut5_I1_O)        0.097    24.540 r  CC/GSM/data_out_OBUF[3]_inst_i_1/O
                         net (fo=1, routed)           2.304    26.844    data_out_OBUF[3]
    E18                  OBUF (Prop_obuf_I_O)         2.252    29.095 r  data_out_OBUF[3]_inst/O
                         net (fo=0)                   0.000    29.095    data_out[3]
    E18                                                               r  data_out[3] (OUT)
  -------------------------------------------------------------------    -------------------

Slack:                    inf
  Source:                 A[3]
                            (input port)
  Destination:            data_out[7]
                            (output port)
  Path Group:             (none)
  Path Type:              Max at Slow Process Corner
  Data Path Delay:        28.925ns  (logic 3.655ns (12.636%)  route 25.270ns (87.364%))
  Logic Levels:           7  (IBUF=1 LUT2=1 LUT4=1 LUT5=2 LUT6=1 OBUF=1)

    Location             Delay type                Incr(ns)  Path(ns)    Netlist Resource(s)
  -------------------------------------------------------------------    -------------------
    U16                                               0.000     0.000 f  A[3] (IN)
                         net (fo=0)                   0.000     0.000    A[3]
    U16                  IBUF (Prop_ibuf_I_O)         0.784     0.784 f  A_IBUF[3]_inst/O
                         net (fo=319, routed)        10.992    11.776    CC/GSM/A_IBUF[3]
    SLICE_X64Y81         LUT2 (Prop_lut2_I0_O)        0.100    11.876 r  CC/GSM/dirty_bit[0][0]_i_4/O
                         net (fo=263, routed)         9.358    21.234    CC/GSM/A[3]_8
    SLICE_X44Y49         LUT4 (Prop_lut4_I2_O)        0.234    21.468 r  CC/GSM/data_out_OBUF[7]_inst_i_45/O
                         net (fo=1, routed)           0.414    21.882    CC/GSM/data_out_OBUF[7]_inst_i_45_n_0
    SLICE_X43Y52         LUT5 (Prop_lut5_I4_O)        0.097    21.979 f  CC/GSM/data_out_OBUF[7]_inst_i_14/O
                         net (fo=1, routed)           0.955    22.934    CC/GSM/data_out_OBUF[7]_inst_i_14_n_0
    SLICE_X39Y56         LUT6 (Prop_lut6_I1_O)        0.097    23.031 r  CC/GSM/data_out_OBUF[7]_inst_i_4/O
                         net (fo=69, routed)          1.378    24.409    CC/GSM/A[6]_12
    SLICE_X48Y47         LUT5 (Prop_lut5_I2_O)        0.097    24.506 r  CC/GSM/data_out_OBUF[7]_inst_i_1/O
                         net (fo=1, routed)           2.174    26.680    data_out_OBUF[7]
    D18                  OBUF (Prop_obuf_I_O)         2.246    28.925 r  data_out_OBUF[7]_inst/O
                         net (fo=0)                   0.000    28.925    data_out[7]
    D18                                                               r  data_out[7] (OUT)
  -------------------------------------------------------------------    -------------------

Slack:                    inf
  Source:                 A[3]
                            (input port)
  Destination:            data_out[5]
                            (output port)
  Path Group:             (none)
  Path Type:              Max at Slow Process Corner
  Data Path Delay:        28.919ns  (logic 3.649ns (12.618%)  route 25.270ns (87.382%))
  Logic Levels:           7  (IBUF=1 LUT2=1 LUT4=1 LUT5=2 LUT6=1 OBUF=1)

    Location             Delay type                Incr(ns)  Path(ns)    Netlist Resource(s)
  -------------------------------------------------------------------    -------------------
    U16                                               0.000     0.000 f  A[3] (IN)
                         net (fo=0)                   0.000     0.000    A[3]
    U16                  IBUF (Prop_ibuf_I_O)         0.784     0.784 f  A_IBUF[3]_inst/O
                         net (fo=319, routed)        10.992    11.776    CC/GSM/A_IBUF[3]
    SLICE_X64Y81         LUT2 (Prop_lut2_I0_O)        0.100    11.876 r  CC/GSM/dirty_bit[0][0]_i_4/O
                         net (fo=263, routed)         9.358    21.234    CC/GSM/A[3]_8
    SLICE_X44Y49         LUT4 (Prop_lut4_I2_O)        0.234    21.468 r  CC/GSM/data_out_OBUF[7]_inst_i_45/O
                         net (fo=1, routed)           0.414    21.882    CC/GSM/data_out_OBUF[7]_inst_i_45_n_0
    SLICE_X43Y52         LUT5 (Prop_lut5_I4_O)        0.097    21.979 f  CC/GSM/data_out_OBUF[7]_inst_i_14/O
                         net (fo=1, routed)           0.955    22.934    CC/GSM/data_out_OBUF[7]_inst_i_14_n_0
    SLICE_X39Y56         LUT6 (Prop_lut6_I1_O)        0.097    23.031 r  CC/GSM/data_out_OBUF[7]_inst_i_4/O
                         net (fo=69, routed)          1.256    24.287    CC/GSM/A[6]_12
    SLICE_X52Y47         LUT5 (Prop_lut5_I1_O)        0.097    24.384 r  CC/GSM/data_out_OBUF[5]_inst_i_1/O
                         net (fo=1, routed)           2.295    26.679    data_out_OBUF[5]
    G18                  OBUF (Prop_obuf_I_O)         2.240    28.919 r  data_out_OBUF[5]_inst/O
                         net (fo=0)                   0.000    28.919    data_out[5]
    G18                                                               r  data_out[5] (OUT)
  -------------------------------------------------------------------    -------------------

Slack:                    inf
  Source:                 A[3]
                            (input port)
  Destination:            data_out[1]
                            (output port)
  Path Group:             (none)
  Path Type:              Max at Slow Process Corner
  Data Path Delay:        28.789ns  (logic 3.645ns (12.660%)  route 25.144ns (87.340%))
  Logic Levels:           7  (IBUF=1 LUT2=1 LUT4=1 LUT5=2 LUT6=1 OBUF=1)

    Location             Delay type                Incr(ns)  Path(ns)    Netlist Resource(s)
  -------------------------------------------------------------------    -------------------
    U16                                               0.000     0.000 f  A[3] (IN)
                         net (fo=0)                   0.000     0.000    A[3]
    U16                  IBUF (Prop_ibuf_I_O)         0.784     0.784 f  A_IBUF[3]_inst/O
                         net (fo=319, routed)        10.992    11.776    CC/GSM/A_IBUF[3]
    SLICE_X64Y81         LUT2 (Prop_lut2_I0_O)        0.100    11.876 r  CC/GSM/dirty_bit[0][0]_i_4/O
                         net (fo=263, routed)         9.358    21.234    CC/GSM/A[3]_8
    SLICE_X44Y49         LUT4 (Prop_lut4_I2_O)        0.234    21.468 r  CC/GSM/data_out_OBUF[7]_inst_i_45/O
                         net (fo=1, routed)           0.414    21.882    CC/GSM/data_out_OBUF[7]_inst_i_45_n_0
    SLICE_X43Y52         LUT5 (Prop_lut5_I4_O)        0.097    21.979 f  CC/GSM/data_out_OBUF[7]_inst_i_14/O
                         net (fo=1, routed)           0.955    22.934    CC/GSM/data_out_OBUF[7]_inst_i_14_n_0
    SLICE_X39Y56         LUT6 (Prop_lut6_I1_O)        0.097    23.031 r  CC/GSM/data_out_OBUF[7]_inst_i_4/O
                         net (fo=69, routed)          1.205    24.236    CC/GSM/A[6]_12
    SLICE_X51Y46         LUT5 (Prop_lut5_I1_O)        0.097    24.333 r  CC/GSM/data_out_OBUF[1]_inst_i_1/O
                         net (fo=1, routed)           2.220    26.553    data_out_OBUF[1]
    H19                  OBUF (Prop_obuf_I_O)         2.236    28.789 r  data_out_OBUF[1]_inst/O
                         net (fo=0)                   0.000    28.789    data_out[1]
    H19                                                               r  data_out[1] (OUT)
  -------------------------------------------------------------------    -------------------

Slack:                    inf
  Source:                 A[3]
                            (input port)
  Destination:            data_out[2]
                            (output port)
  Path Group:             (none)
  Path Type:              Max at Slow Process Corner
  Data Path Delay:        28.638ns  (logic 3.655ns (12.763%)  route 24.983ns (87.237%))
  Logic Levels:           7  (IBUF=1 LUT2=1 LUT4=1 LUT5=2 LUT6=1 OBUF=1)

    Location             Delay type                Incr(ns)  Path(ns)    Netlist Resource(s)
  -------------------------------------------------------------------    -------------------
    U16                                               0.000     0.000 f  A[3] (IN)
                         net (fo=0)                   0.000     0.000    A[3]
    U16                  IBUF (Prop_ibuf_I_O)         0.784     0.784 f  A_IBUF[3]_inst/O
                         net (fo=319, routed)        10.992    11.776    CC/GSM/A_IBUF[3]
    SLICE_X64Y81         LUT2 (Prop_lut2_I0_O)        0.100    11.876 r  CC/GSM/dirty_bit[0][0]_i_4/O
                         net (fo=263, routed)         9.358    21.234    CC/GSM/A[3]_8
    SLICE_X44Y49         LUT4 (Prop_lut4_I2_O)        0.234    21.468 r  CC/GSM/data_out_OBUF[7]_inst_i_45/O
                         net (fo=1, routed)           0.414    21.882    CC/GSM/data_out_OBUF[7]_inst_i_45_n_0
    SLICE_X43Y52         LUT5 (Prop_lut5_I4_O)        0.097    21.979 f  CC/GSM/data_out_OBUF[7]_inst_i_14/O
                         net (fo=1, routed)           0.955    22.934    CC/GSM/data_out_OBUF[7]_inst_i_14_n_0
    SLICE_X39Y56         LUT6 (Prop_lut6_I1_O)        0.097    23.031 r  CC/GSM/data_out_OBUF[7]_inst_i_4/O
                         net (fo=69, routed)          1.230    24.261    CC/GSM/A[6]_12
    SLICE_X49Y47         LUT5 (Prop_lut5_I1_O)        0.097    24.358 r  CC/GSM/data_out_OBUF[2]_inst_i_1/O
                         net (fo=1, routed)           2.034    26.392    data_out_OBUF[2]
    E19                  OBUF (Prop_obuf_I_O)         2.246    28.638 r  data_out_OBUF[2]_inst/O
                         net (fo=0)                   0.000    28.638    data_out[2]
    E19                                                               r  data_out[2] (OUT)
  -------------------------------------------------------------------    -------------------





Min Delay Paths
--------------------------------------------------------------------------------------
Slack:                    inf
  Source:                 rd_req
                            (input port)
  Destination:            data_out[0]
                            (output port)
  Path Group:             (none)
  Path Type:              Min at Fast Process Corner
  Data Path Delay:        4.228ns  (logic 1.356ns (32.067%)  route 2.872ns (67.933%))
  Logic Levels:           3  (IBUF=1 LUT5=1 OBUF=1)

    Location             Delay type                Incr(ns)  Path(ns)    Netlist Resource(s)
  -------------------------------------------------------------------    -------------------
    A18                                               0.000     0.000 r  rd_req (IN)
                         net (fo=0)                   0.000     0.000    rd_req
    A18                  IBUF (Prop_ibuf_I_O)         0.177     0.177 r  rd_req_IBUF_inst/O
                         net (fo=11, routed)          2.087     2.264    CC/GSM/rd_req_IBUF
    SLICE_X54Y43         LUT5 (Prop_lut5_I0_O)        0.045     2.309 r  CC/GSM/data_out_OBUF[0]_inst_i_1/O
                         net (fo=1, routed)           0.785     3.094    data_out_OBUF[0]
    G19                  OBUF (Prop_obuf_I_O)         1.134     4.228 r  data_out_OBUF[0]_inst/O
                         net (fo=0)                   0.000     4.228    data_out[0]
    G19                                                               r  data_out[0] (OUT)
  -------------------------------------------------------------------    -------------------

Slack:                    inf
  Source:                 rd_req
                            (input port)
  Destination:            data_out[1]
                            (output port)
  Path Group:             (none)
  Path Type:              Min at Fast Process Corner
  Data Path Delay:        4.267ns  (logic 1.351ns (31.668%)  route 2.916ns (68.332%))
  Logic Levels:           3  (IBUF=1 LUT5=1 OBUF=1)

    Location             Delay type                Incr(ns)  Path(ns)    Netlist Resource(s)
  -------------------------------------------------------------------    -------------------
    A18                                               0.000     0.000 r  rd_req (IN)
                         net (fo=0)                   0.000     0.000    rd_req
    A18                  IBUF (Prop_ibuf_I_O)         0.177     0.177 r  rd_req_IBUF_inst/O
                         net (fo=11, routed)          1.915     2.092    CC/GSM/rd_req_IBUF
    SLICE_X51Y46         LUT5 (Prop_lut5_I0_O)        0.045     2.137 r  CC/GSM/data_out_OBUF[1]_inst_i_1/O
                         net (fo=1, routed)           1.000     3.138    data_out_OBUF[1]
    H19                  OBUF (Prop_obuf_I_O)         1.129     4.267 r  data_out_OBUF[1]_inst/O
                         net (fo=0)                   0.000     4.267    data_out[1]
    H19                                                               r  data_out[1] (OUT)
  -------------------------------------------------------------------    -------------------

Slack:                    inf
  Source:                 rd_req
                            (input port)
  Destination:            data_out[2]
                            (output port)
  Path Group:             (none)
  Path Type:              Min at Fast Process Corner
  Data Path Delay:        4.370ns  (logic 1.362ns (31.156%)  route 3.009ns (68.844%))
  Logic Levels:           3  (IBUF=1 LUT5=1 OBUF=1)

    Location             Delay type                Incr(ns)  Path(ns)    Netlist Resource(s)
  -------------------------------------------------------------------    -------------------
    A18                                               0.000     0.000 r  rd_req (IN)
                         net (fo=0)                   0.000     0.000    rd_req
    A18                  IBUF (Prop_ibuf_I_O)         0.177     0.177 r  rd_req_IBUF_inst/O
                         net (fo=11, routed)          2.138     2.315    CC/GSM/rd_req_IBUF
    SLICE_X49Y47         LUT5 (Prop_lut5_I0_O)        0.045     2.360 r  CC/GSM/data_out_OBUF[2]_inst_i_1/O
                         net (fo=1, routed)           0.871     3.231    data_out_OBUF[2]
    E19                  OBUF (Prop_obuf_I_O)         1.140     4.370 r  data_out_OBUF[2]_inst/O
                         net (fo=0)                   0.000     4.370    data_out[2]
    E19                                                               r  data_out[2] (OUT)
  -------------------------------------------------------------------    -------------------

Slack:                    inf
  Source:                 rd_req
                            (input port)
  Destination:            data_out[3]
                            (output port)
  Path Group:             (none)
  Path Type:              Min at Fast Process Corner
  Data Path Delay:        4.401ns  (logic 1.367ns (31.059%)  route 3.034ns (68.941%))
  Logic Levels:           3  (IBUF=1 LUT5=1 OBUF=1)

    Location             Delay type                Incr(ns)  Path(ns)    Netlist Resource(s)
  -------------------------------------------------------------------    -------------------
    A18                                               0.000     0.000 r  rd_req (IN)
                         net (fo=0)                   0.000     0.000    rd_req
    A18                  IBUF (Prop_ibuf_I_O)         0.177     0.177 r  rd_req_IBUF_inst/O
                         net (fo=11, routed)          1.985     2.162    CC/GSM/rd_req_IBUF
    SLICE_X50Y43         LUT5 (Prop_lut5_I0_O)        0.045     2.207 r  CC/GSM/data_out_OBUF[3]_inst_i_1/O
                         net (fo=1, routed)           1.050     3.256    data_out_OBUF[3]
    E18                  OBUF (Prop_obuf_I_O)         1.145     4.401 r  data_out_OBUF[3]_inst/O
                         net (fo=0)                   0.000     4.401    data_out[3]
    E18                                                               r  data_out[3] (OUT)
  -------------------------------------------------------------------    -------------------

Slack:                    inf
  Source:                 rd_req
                            (input port)
  Destination:            data_out[4]
                            (output port)
  Path Group:             (none)
  Path Type:              Min at Fast Process Corner
  Data Path Delay:        4.421ns  (logic 1.354ns (30.622%)  route 3.067ns (69.378%))
  Logic Levels:           3  (IBUF=1 LUT5=1 OBUF=1)

    Location             Delay type                Incr(ns)  Path(ns)    Netlist Resource(s)
  -------------------------------------------------------------------    -------------------
    A18                                               0.000     0.000 r  rd_req (IN)
                         net (fo=0)                   0.000     0.000    rd_req
    A18                  IBUF (Prop_ibuf_I_O)         0.177     0.177 r  rd_req_IBUF_inst/O
                         net (fo=11, routed)          2.106     2.283    CC/GSM/rd_req_IBUF
    SLICE_X55Y44         LUT5 (Prop_lut5_I0_O)        0.045     2.328 r  CC/GSM/data_out_OBUF[4]_inst_i_1/O
                         net (fo=1, routed)           0.961     3.289    data_out_OBUF[4]
    F18                  OBUF (Prop_obuf_I_O)         1.132     4.421 r  data_out_OBUF[4]_inst/O
                         net (fo=0)                   0.000     4.421    data_out[4]
    F18                                                               r  data_out[4] (OUT)
  -------------------------------------------------------------------    -------------------

Slack:                    inf
  Source:                 rd_req
                            (input port)
  Destination:            data_out[5]
                            (output port)
  Path Group:             (none)
  Path Type:              Min at Fast Process Corner
  Data Path Delay:        4.521ns  (logic 1.355ns (29.978%)  route 3.166ns (70.022%))
  Logic Levels:           3  (IBUF=1 LUT5=1 OBUF=1)

    Location             Delay type                Incr(ns)  Path(ns)    Netlist Resource(s)
  -------------------------------------------------------------------    -------------------
    A18                                               0.000     0.000 r  rd_req (IN)
                         net (fo=0)                   0.000     0.000    rd_req
    A18                  IBUF (Prop_ibuf_I_O)         0.177     0.177 r  rd_req_IBUF_inst/O
                         net (fo=11, routed)          2.131     2.308    CC/GSM/rd_req_IBUF
    SLICE_X52Y47         LUT5 (Prop_lut5_I0_O)        0.045     2.353 r  CC/GSM/data_out_OBUF[5]_inst_i_1/O
                         net (fo=1, routed)           1.034     3.388    data_out_OBUF[5]
    G18                  OBUF (Prop_obuf_I_O)         1.133     4.521 r  data_out_OBUF[5]_inst/O
                         net (fo=0)                   0.000     4.521    data_out[5]
    G18                                                               r  data_out[5] (OUT)
  -------------------------------------------------------------------    -------------------

Slack:                    inf
  Source:                 rd_req
                            (input port)
  Destination:            data_out[7]
                            (output port)
  Path Group:             (none)
  Path Type:              Min at Fast Process Corner
  Data Path Delay:        4.526ns  (logic 1.361ns (30.079%)  route 3.164ns (69.921%))
  Logic Levels:           3  (IBUF=1 LUT5=1 OBUF=1)

    Location             Delay type                Incr(ns)  Path(ns)    Netlist Resource(s)
  -------------------------------------------------------------------    -------------------
    A18                                               0.000     0.000 r  rd_req (IN)
                         net (fo=0)                   0.000     0.000    rd_req
    A18                  IBUF (Prop_ibuf_I_O)         0.177     0.177 r  rd_req_IBUF_inst/O
                         net (fo=11, routed)          2.203     2.380    CC/GSM/rd_req_IBUF
    SLICE_X48Y47         LUT5 (Prop_lut5_I4_O)        0.045     2.425 r  CC/GSM/data_out_OBUF[7]_inst_i_1/O
                         net (fo=1, routed)           0.961     3.386    data_out_OBUF[7]
    D18                  OBUF (Prop_obuf_I_O)         1.139     4.526 r  data_out_OBUF[7]_inst/O
                         net (fo=0)                   0.000     4.526    data_out[7]
    D18                                                               r  data_out[7] (OUT)
  -------------------------------------------------------------------    -------------------

Slack:                    inf
  Source:                 rd_req
                            (input port)
  Destination:            data_out[6]
                            (output port)
  Path Group:             (none)
  Path Type:              Min at Fast Process Corner
  Data Path Delay:        4.582ns  (logic 1.360ns (29.676%)  route 3.223ns (70.324%))
  Logic Levels:           3  (IBUF=1 LUT5=1 OBUF=1)

    Location             Delay type                Incr(ns)  Path(ns)    Netlist Resource(s)
  -------------------------------------------------------------------    -------------------
    A18                                               0.000     0.000 r  rd_req (IN)
                         net (fo=0)                   0.000     0.000    rd_req
    A18                  IBUF (Prop_ibuf_I_O)         0.177     0.177 r  rd_req_IBUF_inst/O
                         net (fo=11, routed)          2.105     2.282    CC/GSM/rd_req_IBUF
    SLICE_X55Y44         LUT5 (Prop_lut5_I0_O)        0.045     2.327 r  CC/GSM/data_out_OBUF[6]_inst_i_1/O
                         net (fo=1, routed)           1.118     3.445    data_out_OBUF[6]
    D19                  OBUF (Prop_obuf_I_O)         1.138     4.582 r  data_out_OBUF[6]_inst/O
                         net (fo=0)                   0.000     4.582    data_out[6]
    D19                                                               r  data_out[6] (OUT)
  -------------------------------------------------------------------    -------------------





--------------------------------------------------------------------------------------
Path Group:  (none)
From Clock:  clk
  To Clock:  

Max Delay             9 Endpoints
Min Delay             9 Endpoints
--------------------------------------------------------------------------------------


Max Delay Paths
--------------------------------------------------------------------------------------
Slack:                    inf
  Source:                 CC/GSM/cache_tag_reg[1][51][12]/C
                            (rising edge-triggered cell FDCE clocked by clk  {rise@0.000ns fall@5.000ns period=10.000ns})
  Destination:            data_out[6]
                            (output port)
  Path Group:             (none)
  Path Type:              Max at Slow Process Corner
  Data Path Delay:        12.297ns  (logic 3.992ns (32.466%)  route 8.305ns (67.534%))
  Logic Levels:           10  (CARRY4=2 LUT4=1 LUT5=2 LUT6=4 OBUF=1)
  Clock Uncertainty:      0.025ns  ((TSJ^2 + TIJ^2)^1/2 + DJ) / 2 + PE
    Total System Jitter     (TSJ):    0.050ns
    Total Input Jitter      (TIJ):    0.000ns
    Discrete Jitter          (DJ):    0.000ns
    Phase Error              (PE):    0.000ns

    Location             Delay type                Incr(ns)  Path(ns)    Netlist Resource(s)
  -------------------------------------------------------------------    -------------------
                         (clock clk rise edge)        0.000     0.000 r  
    M18                                               0.000     0.000 r  clk (IN)
                         net (fo=0)                   0.000     0.000    clk
    M18                  IBUF (Prop_ibuf_I_O)         0.787     0.787 r  clk_IBUF_inst/O
                         net (fo=1, routed)           1.502     2.289    clk_IBUF
    BUFGCTRL_X0Y0        BUFG (Prop_bufg_I_O)         0.076     2.365 r  clk_IBUF_BUFG_inst/O
                         net (fo=9867, routed)        1.227     3.592    CC/GSM/clk_IBUF_BUFG
    SLICE_X51Y93         FDCE                                         r  CC/GSM/cache_tag_reg[1][51][12]/C
  -------------------------------------------------------------------    -------------------
    SLICE_X51Y93         FDCE (Prop_fdce_C_Q)         0.341     3.933 r  CC/GSM/cache_tag_reg[1][51][12]/Q
                         net (fo=2, routed)           0.711     4.644    CC/GSM/cache_tag_reg[1][51]_102[12]
    SLICE_X52Y93         LUT6 (Prop_lut6_I0_O)        0.097     4.741 r  CC/GSM/data_out_OBUF[7]_inst_i_981/O
                         net (fo=1, routed)           0.470     5.211    CC/GSM/data_out_OBUF[7]_inst_i_981_n_0
    SLICE_X53Y88         LUT4 (Prop_lut4_I3_O)        0.097     5.308 r  CC/GSM/data_out_OBUF[7]_inst_i_548/O
                         net (fo=1, routed)           0.297     5.605    CC/GSM/data_out_OBUF[7]_inst_i_548_n_0
    SLICE_X53Y88         LUT5 (Prop_lut5_I4_O)        0.097     5.702 f  CC/GSM/data_out_OBUF[7]_inst_i_297/O
                         net (fo=1, routed)           0.675     6.377    CC/GSM/data_out_OBUF[7]_inst_i_297_n_0
    SLICE_X57Y86         LUT6 (Prop_lut6_I0_O)        0.097     6.474 r  CC/GSM/data_out_OBUF[7]_inst_i_207/O
                         net (fo=1, routed)           1.007     7.481    CC/GSM/data_out_OBUF[7]_inst_i_207_n_0
    SLICE_X38Y75         LUT6 (Prop_lut6_I3_O)        0.097     7.578 r  CC/GSM/data_out_OBUF[7]_inst_i_101/O
                         net (fo=1, routed)           0.000     7.578    CC/GSM/data_out_OBUF[7]_inst_i_101_n_0
    SLICE_X38Y75         CARRY4 (Prop_carry4_S[0]_CO[3])
                                                      0.379     7.957 r  CC/GSM/data_out_OBUF[7]_inst_i_40/CO[3]
                         net (fo=1, routed)           0.000     7.957    CC/GSM/data_out_OBUF[7]_inst_i_40_n_0
    SLICE_X38Y76         CARRY4 (Prop_carry4_CI_CO[0])
                                                      0.184     8.141 r  CC/GSM/data_out_OBUF[7]_inst_i_13/CO[0]
                         net (fo=1, routed)           0.831     8.973    CC/GSM/hitx_10
    SLICE_X39Y56         LUT6 (Prop_lut6_I0_O)        0.262     9.235 r  CC/GSM/data_out_OBUF[7]_inst_i_4/O
                         net (fo=69, routed)          1.861    11.095    CC/GSM/A[6]_12
    SLICE_X55Y44         LUT5 (Prop_lut5_I1_O)        0.097    11.192 r  CC/GSM/data_out_OBUF[6]_inst_i_1/O
                         net (fo=1, routed)           2.453    13.645    data_out_OBUF[6]
    D19                  OBUF (Prop_obuf_I_O)         2.244    15.889 r  data_out_OBUF[6]_inst/O
                         net (fo=0)                   0.000    15.889    data_out[6]
    D19                                                               r  data_out[6] (OUT)
  -------------------------------------------------------------------    -------------------

Slack:                    inf
  Source:                 CC/GSM/cache_tag_reg[1][51][12]/C
                            (rising edge-triggered cell FDCE clocked by clk  {rise@0.000ns fall@5.000ns period=10.000ns})
  Destination:            data_out[4]
                            (output port)
  Path Group:             (none)
  Path Type:              Max at Slow Process Corner
  Data Path Delay:        12.061ns  (logic 3.986ns (33.052%)  route 8.074ns (66.948%))
  Logic Levels:           10  (CARRY4=2 LUT4=1 LUT5=2 LUT6=4 OBUF=1)
  Clock Uncertainty:      0.025ns  ((TSJ^2 + TIJ^2)^1/2 + DJ) / 2 + PE
    Total System Jitter     (TSJ):    0.050ns
    Total Input Jitter      (TIJ):    0.000ns
    Discrete Jitter          (DJ):    0.000ns
    Phase Error              (PE):    0.000ns

    Location             Delay type                Incr(ns)  Path(ns)    Netlist Resource(s)
  -------------------------------------------------------------------    -------------------
                         (clock clk rise edge)        0.000     0.000 r  
    M18                                               0.000     0.000 r  clk (IN)
                         net (fo=0)                   0.000     0.000    clk
    M18                  IBUF (Prop_ibuf_I_O)         0.787     0.787 r  clk_IBUF_inst/O
                         net (fo=1, routed)           1.502     2.289    clk_IBUF
    BUFGCTRL_X0Y0        BUFG (Prop_bufg_I_O)         0.076     2.365 r  clk_IBUF_BUFG_inst/O
                         net (fo=9867, routed)        1.227     3.592    CC/GSM/clk_IBUF_BUFG
    SLICE_X51Y93         FDCE                                         r  CC/GSM/cache_tag_reg[1][51][12]/C
  -------------------------------------------------------------------    -------------------
    SLICE_X51Y93         FDCE (Prop_fdce_C_Q)         0.341     3.933 r  CC/GSM/cache_tag_reg[1][51][12]/Q
                         net (fo=2, routed)           0.711     4.644    CC/GSM/cache_tag_reg[1][51]_102[12]
    SLICE_X52Y93         LUT6 (Prop_lut6_I0_O)        0.097     4.741 r  CC/GSM/data_out_OBUF[7]_inst_i_981/O
                         net (fo=1, routed)           0.470     5.211    CC/GSM/data_out_OBUF[7]_inst_i_981_n_0
    SLICE_X53Y88         LUT4 (Prop_lut4_I3_O)        0.097     5.308 r  CC/GSM/data_out_OBUF[7]_inst_i_548/O
                         net (fo=1, routed)           0.297     5.605    CC/GSM/data_out_OBUF[7]_inst_i_548_n_0
    SLICE_X53Y88         LUT5 (Prop_lut5_I4_O)        0.097     5.702 f  CC/GSM/data_out_OBUF[7]_inst_i_297/O
                         net (fo=1, routed)           0.675     6.377    CC/GSM/data_out_OBUF[7]_inst_i_297_n_0
    SLICE_X57Y86         LUT6 (Prop_lut6_I0_O)        0.097     6.474 r  CC/GSM/data_out_OBUF[7]_inst_i_207/O
                         net (fo=1, routed)           1.007     7.481    CC/GSM/data_out_OBUF[7]_inst_i_207_n_0
    SLICE_X38Y75         LUT6 (Prop_lut6_I3_O)        0.097     7.578 r  CC/GSM/data_out_OBUF[7]_inst_i_101/O
                         net (fo=1, routed)           0.000     7.578    CC/GSM/data_out_OBUF[7]_inst_i_101_n_0
    SLICE_X38Y75         CARRY4 (Prop_carry4_S[0]_CO[3])
                                                      0.379     7.957 r  CC/GSM/data_out_OBUF[7]_inst_i_40/CO[3]
                         net (fo=1, routed)           0.000     7.957    CC/GSM/data_out_OBUF[7]_inst_i_40_n_0
    SLICE_X38Y76         CARRY4 (Prop_carry4_CI_CO[0])
                                                      0.184     8.141 r  CC/GSM/data_out_OBUF[7]_inst_i_13/CO[0]
                         net (fo=1, routed)           0.831     8.973    CC/GSM/hitx_10
    SLICE_X39Y56         LUT6 (Prop_lut6_I0_O)        0.262     9.235 r  CC/GSM/data_out_OBUF[7]_inst_i_4/O
                         net (fo=69, routed)          1.859    11.093    CC/GSM/A[6]_12
    SLICE_X55Y44         LUT5 (Prop_lut5_I1_O)        0.097    11.190 r  CC/GSM/data_out_OBUF[4]_inst_i_1/O
                         net (fo=1, routed)           2.224    13.415    data_out_OBUF[4]
    F18                  OBUF (Prop_obuf_I_O)         2.238    15.653 r  data_out_OBUF[4]_inst/O
                         net (fo=0)                   0.000    15.653    data_out[4]
    F18                                                               r  data_out[4] (OUT)
  -------------------------------------------------------------------    -------------------

Slack:                    inf
  Source:                 CC/GSM/cache_tag_reg[1][51][12]/C
                            (rising edge-triggered cell FDCE clocked by clk  {rise@0.000ns fall@5.000ns period=10.000ns})
  Destination:            data_out[0]
                            (output port)
  Path Group:             (none)
  Path Type:              Max at Slow Process Corner
  Data Path Delay:        11.723ns  (logic 3.988ns (34.018%)  route 7.735ns (65.982%))
  Logic Levels:           10  (CARRY4=2 LUT4=1 LUT5=2 LUT6=4 OBUF=1)
  Clock Uncertainty:      0.025ns  ((TSJ^2 + TIJ^2)^1/2 + DJ) / 2 + PE
    Total System Jitter     (TSJ):    0.050ns
    Total Input Jitter      (TIJ):    0.000ns
    Discrete Jitter          (DJ):    0.000ns
    Phase Error              (PE):    0.000ns

    Location             Delay type                Incr(ns)  Path(ns)    Netlist Resource(s)
  -------------------------------------------------------------------    -------------------
                         (clock clk rise edge)        0.000     0.000 r  
    M18                                               0.000     0.000 r  clk (IN)
                         net (fo=0)                   0.000     0.000    clk
    M18                  IBUF (Prop_ibuf_I_O)         0.787     0.787 r  clk_IBUF_inst/O
                         net (fo=1, routed)           1.502     2.289    clk_IBUF
    BUFGCTRL_X0Y0        BUFG (Prop_bufg_I_O)         0.076     2.365 r  clk_IBUF_BUFG_inst/O
                         net (fo=9867, routed)        1.227     3.592    CC/GSM/clk_IBUF_BUFG
    SLICE_X51Y93         FDCE                                         r  CC/GSM/cache_tag_reg[1][51][12]/C
  -------------------------------------------------------------------    -------------------
    SLICE_X51Y93         FDCE (Prop_fdce_C_Q)         0.341     3.933 r  CC/GSM/cache_tag_reg[1][51][12]/Q
                         net (fo=2, routed)           0.711     4.644    CC/GSM/cache_tag_reg[1][51]_102[12]
    SLICE_X52Y93         LUT6 (Prop_lut6_I0_O)        0.097     4.741 r  CC/GSM/data_out_OBUF[7]_inst_i_981/O
                         net (fo=1, routed)           0.470     5.211    CC/GSM/data_out_OBUF[7]_inst_i_981_n_0
    SLICE_X53Y88         LUT4 (Prop_lut4_I3_O)        0.097     5.308 r  CC/GSM/data_out_OBUF[7]_inst_i_548/O
                         net (fo=1, routed)           0.297     5.605    CC/GSM/data_out_OBUF[7]_inst_i_548_n_0
    SLICE_X53Y88         LUT5 (Prop_lut5_I4_O)        0.097     5.702 f  CC/GSM/data_out_OBUF[7]_inst_i_297/O
                         net (fo=1, routed)           0.675     6.377    CC/GSM/data_out_OBUF[7]_inst_i_297_n_0
    SLICE_X57Y86         LUT6 (Prop_lut6_I0_O)        0.097     6.474 r  CC/GSM/data_out_OBUF[7]_inst_i_207/O
                         net (fo=1, routed)           1.007     7.481    CC/GSM/data_out_OBUF[7]_inst_i_207_n_0
    SLICE_X38Y75         LUT6 (Prop_lut6_I3_O)        0.097     7.578 r  CC/GSM/data_out_OBUF[7]_inst_i_101/O
                         net (fo=1, routed)           0.000     7.578    CC/GSM/data_out_OBUF[7]_inst_i_101_n_0
    SLICE_X38Y75         CARRY4 (Prop_carry4_S[0]_CO[3])
                                                      0.379     7.957 r  CC/GSM/data_out_OBUF[7]_inst_i_40/CO[3]
                         net (fo=1, routed)           0.000     7.957    CC/GSM/data_out_OBUF[7]_inst_i_40_n_0
    SLICE_X38Y76         CARRY4 (Prop_carry4_CI_CO[0])
                                                      0.184     8.141 r  CC/GSM/data_out_OBUF[7]_inst_i_13/CO[0]
                         net (fo=1, routed)           0.831     8.973    CC/GSM/hitx_10
    SLICE_X39Y56         LUT6 (Prop_lut6_I0_O)        0.262     9.235 r  CC/GSM/data_out_OBUF[7]_inst_i_4/O
                         net (fo=69, routed)          1.753    10.988    CC/GSM/A[6]_12
    SLICE_X54Y43         LUT5 (Prop_lut5_I1_O)        0.097    11.085 r  CC/GSM/data_out_OBUF[0]_inst_i_1/O
                         net (fo=1, routed)           1.991    13.075    data_out_OBUF[0]
    G19                  OBUF (Prop_obuf_I_O)         2.240    15.316 r  data_out_OBUF[0]_inst/O
                         net (fo=0)                   0.000    15.316    data_out[0]
    G19                                                               r  data_out[0] (OUT)
  -------------------------------------------------------------------    -------------------

Slack:                    inf
  Source:                 CC/GSM/cache_tag_reg[1][51][12]/C
                            (rising edge-triggered cell FDCE clocked by clk  {rise@0.000ns fall@5.000ns period=10.000ns})
  Destination:            data_out[3]
                            (output port)
  Path Group:             (none)
  Path Type:              Max at Slow Process Corner
  Data Path Delay:        11.707ns  (logic 4.000ns (34.164%)  route 7.707ns (65.836%))
  Logic Levels:           10  (CARRY4=2 LUT4=1 LUT5=2 LUT6=4 OBUF=1)
  Clock Uncertainty:      0.025ns  ((TSJ^2 + TIJ^2)^1/2 + DJ) / 2 + PE
    Total System Jitter     (TSJ):    0.050ns
    Total Input Jitter      (TIJ):    0.000ns
    Discrete Jitter          (DJ):    0.000ns
    Phase Error              (PE):    0.000ns

    Location             Delay type                Incr(ns)  Path(ns)    Netlist Resource(s)
  -------------------------------------------------------------------    -------------------
                         (clock clk rise edge)        0.000     0.000 r  
    M18                                               0.000     0.000 r  clk (IN)
                         net (fo=0)                   0.000     0.000    clk
    M18                  IBUF (Prop_ibuf_I_O)         0.787     0.787 r  clk_IBUF_inst/O
                         net (fo=1, routed)           1.502     2.289    clk_IBUF
    BUFGCTRL_X0Y0        BUFG (Prop_bufg_I_O)         0.076     2.365 r  clk_IBUF_BUFG_inst/O
                         net (fo=9867, routed)        1.227     3.592    CC/GSM/clk_IBUF_BUFG
    SLICE_X51Y93         FDCE                                         r  CC/GSM/cache_tag_reg[1][51][12]/C
  -------------------------------------------------------------------    -------------------
    SLICE_X51Y93         FDCE (Prop_fdce_C_Q)         0.341     3.933 r  CC/GSM/cache_tag_reg[1][51][12]/Q
                         net (fo=2, routed)           0.711     4.644    CC/GSM/cache_tag_reg[1][51]_102[12]
    SLICE_X52Y93         LUT6 (Prop_lut6_I0_O)        0.097     4.741 r  CC/GSM/data_out_OBUF[7]_inst_i_981/O
                         net (fo=1, routed)           0.470     5.211    CC/GSM/data_out_OBUF[7]_inst_i_981_n_0
    SLICE_X53Y88         LUT4 (Prop_lut4_I3_O)        0.097     5.308 r  CC/GSM/data_out_OBUF[7]_inst_i_548/O
                         net (fo=1, routed)           0.297     5.605    CC/GSM/data_out_OBUF[7]_inst_i_548_n_0
    SLICE_X53Y88         LUT5 (Prop_lut5_I4_O)        0.097     5.702 f  CC/GSM/data_out_OBUF[7]_inst_i_297/O
                         net (fo=1, routed)           0.675     6.377    CC/GSM/data_out_OBUF[7]_inst_i_297_n_0
    SLICE_X57Y86         LUT6 (Prop_lut6_I0_O)        0.097     6.474 r  CC/GSM/data_out_OBUF[7]_inst_i_207/O
                         net (fo=1, routed)           1.007     7.481    CC/GSM/data_out_OBUF[7]_inst_i_207_n_0
    SLICE_X38Y75         LUT6 (Prop_lut6_I3_O)        0.097     7.578 r  CC/GSM/data_out_OBUF[7]_inst_i_101/O
                         net (fo=1, routed)           0.000     7.578    CC/GSM/data_out_OBUF[7]_inst_i_101_n_0
    SLICE_X38Y75         CARRY4 (Prop_carry4_S[0]_CO[3])
                                                      0.379     7.957 r  CC/GSM/data_out_OBUF[7]_inst_i_40/CO[3]
                         net (fo=1, routed)           0.000     7.957    CC/GSM/data_out_OBUF[7]_inst_i_40_n_0
    SLICE_X38Y76         CARRY4 (Prop_carry4_CI_CO[0])
                                                      0.184     8.141 r  CC/GSM/data_out_OBUF[7]_inst_i_13/CO[0]
                         net (fo=1, routed)           0.831     8.973    CC/GSM/hitx_10
    SLICE_X39Y56         LUT6 (Prop_lut6_I0_O)        0.262     9.235 r  CC/GSM/data_out_OBUF[7]_inst_i_4/O
                         net (fo=69, routed)          1.412    10.647    CC/GSM/A[6]_12
    SLICE_X50Y43         LUT5 (Prop_lut5_I1_O)        0.097    10.744 r  CC/GSM/data_out_OBUF[3]_inst_i_1/O
                         net (fo=1, routed)           2.304    13.048    data_out_OBUF[3]
    E18                  OBUF (Prop_obuf_I_O)         2.252    15.299 r  data_out_OBUF[3]_inst/O
                         net (fo=0)                   0.000    15.299    data_out[3]
    E18                                                               r  data_out[3] (OUT)
  -------------------------------------------------------------------    -------------------

Slack:                    inf
  Source:                 CC/GSM/cache_tag_reg[1][51][12]/C
                            (rising edge-triggered cell FDCE clocked by clk  {rise@0.000ns fall@5.000ns period=10.000ns})
  Destination:            data_out[7]
                            (output port)
  Path Group:             (none)
  Path Type:              Max at Slow Process Corner
  Data Path Delay:        11.537ns  (logic 3.994ns (34.617%)  route 7.543ns (65.383%))
  Logic Levels:           10  (CARRY4=2 LUT4=1 LUT5=2 LUT6=4 OBUF=1)
  Clock Uncertainty:      0.025ns  ((TSJ^2 + TIJ^2)^1/2 + DJ) / 2 + PE
    Total System Jitter     (TSJ):    0.050ns
    Total Input Jitter      (TIJ):    0.000ns
    Discrete Jitter          (DJ):    0.000ns
    Phase Error              (PE):    0.000ns

    Location             Delay type                Incr(ns)  Path(ns)    Netlist Resource(s)
  -------------------------------------------------------------------    -------------------
                         (clock clk rise edge)        0.000     0.000 r  
    M18                                               0.000     0.000 r  clk (IN)
                         net (fo=0)                   0.000     0.000    clk
    M18                  IBUF (Prop_ibuf_I_O)         0.787     0.787 r  clk_IBUF_inst/O
                         net (fo=1, routed)           1.502     2.289    clk_IBUF
    BUFGCTRL_X0Y0        BUFG (Prop_bufg_I_O)         0.076     2.365 r  clk_IBUF_BUFG_inst/O
                         net (fo=9867, routed)        1.227     3.592    CC/GSM/clk_IBUF_BUFG
    SLICE_X51Y93         FDCE                                         r  CC/GSM/cache_tag_reg[1][51][12]/C
  -------------------------------------------------------------------    -------------------
    SLICE_X51Y93         FDCE (Prop_fdce_C_Q)         0.341     3.933 r  CC/GSM/cache_tag_reg[1][51][12]/Q
                         net (fo=2, routed)           0.711     4.644    CC/GSM/cache_tag_reg[1][51]_102[12]
    SLICE_X52Y93         LUT6 (Prop_lut6_I0_O)        0.097     4.741 r  CC/GSM/data_out_OBUF[7]_inst_i_981/O
                         net (fo=1, routed)           0.470     5.211    CC/GSM/data_out_OBUF[7]_inst_i_981_n_0
    SLICE_X53Y88         LUT4 (Prop_lut4_I3_O)        0.097     5.308 r  CC/GSM/data_out_OBUF[7]_inst_i_548/O
                         net (fo=1, routed)           0.297     5.605    CC/GSM/data_out_OBUF[7]_inst_i_548_n_0
    SLICE_X53Y88         LUT5 (Prop_lut5_I4_O)        0.097     5.702 f  CC/GSM/data_out_OBUF[7]_inst_i_297/O
                         net (fo=1, routed)           0.675     6.377    CC/GSM/data_out_OBUF[7]_inst_i_297_n_0
    SLICE_X57Y86         LUT6 (Prop_lut6_I0_O)        0.097     6.474 r  CC/GSM/data_out_OBUF[7]_inst_i_207/O
                         net (fo=1, routed)           1.007     7.481    CC/GSM/data_out_OBUF[7]_inst_i_207_n_0
    SLICE_X38Y75         LUT6 (Prop_lut6_I3_O)        0.097     7.578 r  CC/GSM/data_out_OBUF[7]_inst_i_101/O
                         net (fo=1, routed)           0.000     7.578    CC/GSM/data_out_OBUF[7]_inst_i_101_n_0
    SLICE_X38Y75         CARRY4 (Prop_carry4_S[0]_CO[3])
                                                      0.379     7.957 r  CC/GSM/data_out_OBUF[7]_inst_i_40/CO[3]
                         net (fo=1, routed)           0.000     7.957    CC/GSM/data_out_OBUF[7]_inst_i_40_n_0
    SLICE_X38Y76         CARRY4 (Prop_carry4_CI_CO[0])
                                                      0.184     8.141 r  CC/GSM/data_out_OBUF[7]_inst_i_13/CO[0]
                         net (fo=1, routed)           0.831     8.973    CC/GSM/hitx_10
    SLICE_X39Y56         LUT6 (Prop_lut6_I0_O)        0.262     9.235 r  CC/GSM/data_out_OBUF[7]_inst_i_4/O
                         net (fo=69, routed)          1.378    10.612    CC/GSM/A[6]_12
    SLICE_X48Y47         LUT5 (Prop_lut5_I2_O)        0.097    10.709 r  CC/GSM/data_out_OBUF[7]_inst_i_1/O
                         net (fo=1, routed)           2.174    12.883    data_out_OBUF[7]
    D18                  OBUF (Prop_obuf_I_O)         2.246    15.129 r  data_out_OBUF[7]_inst/O
                         net (fo=0)                   0.000    15.129    data_out[7]
    D18                                                               r  data_out[7] (OUT)
  -------------------------------------------------------------------    -------------------

Slack:                    inf
  Source:                 CC/GSM/cache_tag_reg[1][51][12]/C
                            (rising edge-triggered cell FDCE clocked by clk  {rise@0.000ns fall@5.000ns period=10.000ns})
  Destination:            data_out[5]
                            (output port)
  Path Group:             (none)
  Path Type:              Max at Slow Process Corner
  Data Path Delay:        11.531ns  (logic 3.988ns (34.585%)  route 7.543ns (65.415%))
  Logic Levels:           10  (CARRY4=2 LUT4=1 LUT5=2 LUT6=4 OBUF=1)
  Clock Uncertainty:      0.025ns  ((TSJ^2 + TIJ^2)^1/2 + DJ) / 2 + PE
    Total System Jitter     (TSJ):    0.050ns
    Total Input Jitter      (TIJ):    0.000ns
    Discrete Jitter          (DJ):    0.000ns
    Phase Error              (PE):    0.000ns

    Location             Delay type                Incr(ns)  Path(ns)    Netlist Resource(s)
  -------------------------------------------------------------------    -------------------
                         (clock clk rise edge)        0.000     0.000 r  
    M18                                               0.000     0.000 r  clk (IN)
                         net (fo=0)                   0.000     0.000    clk
    M18                  IBUF (Prop_ibuf_I_O)         0.787     0.787 r  clk_IBUF_inst/O
                         net (fo=1, routed)           1.502     2.289    clk_IBUF
    BUFGCTRL_X0Y0        BUFG (Prop_bufg_I_O)         0.076     2.365 r  clk_IBUF_BUFG_inst/O
                         net (fo=9867, routed)        1.227     3.592    CC/GSM/clk_IBUF_BUFG
    SLICE_X51Y93         FDCE                                         r  CC/GSM/cache_tag_reg[1][51][12]/C
  -------------------------------------------------------------------    -------------------
    SLICE_X51Y93         FDCE (Prop_fdce_C_Q)         0.341     3.933 r  CC/GSM/cache_tag_reg[1][51][12]/Q
                         net (fo=2, routed)           0.711     4.644    CC/GSM/cache_tag_reg[1][51]_102[12]
    SLICE_X52Y93         LUT6 (Prop_lut6_I0_O)        0.097     4.741 r  CC/GSM/data_out_OBUF[7]_inst_i_981/O
                         net (fo=1, routed)           0.470     5.211    CC/GSM/data_out_OBUF[7]_inst_i_981_n_0
    SLICE_X53Y88         LUT4 (Prop_lut4_I3_O)        0.097     5.308 r  CC/GSM/data_out_OBUF[7]_inst_i_548/O
                         net (fo=1, routed)           0.297     5.605    CC/GSM/data_out_OBUF[7]_inst_i_548_n_0
    SLICE_X53Y88         LUT5 (Prop_lut5_I4_O)        0.097     5.702 f  CC/GSM/data_out_OBUF[7]_inst_i_297/O
                         net (fo=1, routed)           0.675     6.377    CC/GSM/data_out_OBUF[7]_inst_i_297_n_0
    SLICE_X57Y86         LUT6 (Prop_lut6_I0_O)        0.097     6.474 r  CC/GSM/data_out_OBUF[7]_inst_i_207/O
                         net (fo=1, routed)           1.007     7.481    CC/GSM/data_out_OBUF[7]_inst_i_207_n_0
    SLICE_X38Y75         LUT6 (Prop_lut6_I3_O)        0.097     7.578 r  CC/GSM/data_out_OBUF[7]_inst_i_101/O
                         net (fo=1, routed)           0.000     7.578    CC/GSM/data_out_OBUF[7]_inst_i_101_n_0
    SLICE_X38Y75         CARRY4 (Prop_carry4_S[0]_CO[3])
                                                      0.379     7.957 r  CC/GSM/data_out_OBUF[7]_inst_i_40/CO[3]
                         net (fo=1, routed)           0.000     7.957    CC/GSM/data_out_OBUF[7]_inst_i_40_n_0
    SLICE_X38Y76         CARRY4 (Prop_carry4_CI_CO[0])
                                                      0.184     8.141 r  CC/GSM/data_out_OBUF[7]_inst_i_13/CO[0]
                         net (fo=1, routed)           0.831     8.973    CC/GSM/hitx_10
    SLICE_X39Y56         LUT6 (Prop_lut6_I0_O)        0.262     9.235 r  CC/GSM/data_out_OBUF[7]_inst_i_4/O
                         net (fo=69, routed)          1.256    10.490    CC/GSM/A[6]_12
    SLICE_X52Y47         LUT5 (Prop_lut5_I1_O)        0.097    10.587 r  CC/GSM/data_out_OBUF[5]_inst_i_1/O
                         net (fo=1, routed)           2.295    12.883    data_out_OBUF[5]
    G18                  OBUF (Prop_obuf_I_O)         2.240    15.123 r  data_out_OBUF[5]_inst/O
                         net (fo=0)                   0.000    15.123    data_out[5]
    G18                                                               r  data_out[5] (OUT)
  -------------------------------------------------------------------    -------------------

Slack:                    inf
  Source:                 CC/GSM/cache_tag_reg[0][55][12]/C
                            (rising edge-triggered cell FDCE clocked by clk  {rise@0.000ns fall@5.000ns period=10.000ns})
  Destination:            data_out[1]
                            (output port)
  Path Group:             (none)
  Path Type:              Max at Slow Process Corner
  Data Path Delay:        11.380ns  (logic 3.923ns (34.471%)  route 7.457ns (65.529%))
  Logic Levels:           9  (CARRY4=2 LUT5=2 LUT6=4 OBUF=1)
  Clock Uncertainty:      0.025ns  ((TSJ^2 + TIJ^2)^1/2 + DJ) / 2 + PE
    Total System Jitter     (TSJ):    0.050ns
    Total Input Jitter      (TIJ):    0.000ns
    Discrete Jitter          (DJ):    0.000ns
    Phase Error              (PE):    0.000ns

    Location             Delay type                Incr(ns)  Path(ns)    Netlist Resource(s)
  -------------------------------------------------------------------    -------------------
                         (clock clk rise edge)        0.000     0.000 r  
    M18                                               0.000     0.000 r  clk (IN)
                         net (fo=0)                   0.000     0.000    clk
    M18                  IBUF (Prop_ibuf_I_O)         0.787     0.787 r  clk_IBUF_inst/O
                         net (fo=1, routed)           1.502     2.289    clk_IBUF
    BUFGCTRL_X0Y0        BUFG (Prop_bufg_I_O)         0.076     2.365 r  clk_IBUF_BUFG_inst/O
                         net (fo=9867, routed)        1.376     3.742    CC/GSM/clk_IBUF_BUFG
    SLICE_X53Y100        FDCE                                         r  CC/GSM/cache_tag_reg[0][55][12]/C
  -------------------------------------------------------------------    -------------------
    SLICE_X53Y100        FDCE (Prop_fdce_C_Q)         0.341     4.083 f  CC/GSM/cache_tag_reg[0][55][12]/Q
                         net (fo=2, routed)           0.800     4.882    CC/GSM/cache_tag_reg[0][55]_111[12]
    SLICE_X53Y96         LUT6 (Prop_lut6_I0_O)        0.097     4.979 f  CC/GSM/data_out_OBUF[7]_inst_i_718/O
                         net (fo=1, routed)           0.683     5.662    CC/GSM/data_out_OBUF[7]_inst_i_718_n_0
    SLICE_X53Y87         LUT5 (Prop_lut5_I0_O)        0.097     5.759 r  CC/GSM/data_out_OBUF[7]_inst_i_369/O
                         net (fo=1, routed)           0.545     6.305    CC/GSM/data_out_OBUF[7]_inst_i_369_n_0
    SLICE_X54Y85         LUT6 (Prop_lut6_I0_O)        0.097     6.402 r  CC/GSM/data_out_OBUF[7]_inst_i_233/O
                         net (fo=1, routed)           1.024     7.426    CC/GSM/data_out_OBUF[7]_inst_i_233_n_0
    SLICE_X39Y75         LUT6 (Prop_lut6_I3_O)        0.097     7.523 r  CC/GSM/data_out_OBUF[7]_inst_i_121/O
                         net (fo=1, routed)           0.000     7.523    CC/GSM/data_out_OBUF[7]_inst_i_121_n_0
    SLICE_X39Y75         CARRY4 (Prop_carry4_S[0]_CO[3])
                                                      0.395     7.918 r  CC/GSM/data_out_OBUF[7]_inst_i_52/CO[3]
                         net (fo=1, routed)           0.000     7.918    CC/GSM/data_out_OBUF[7]_inst_i_52_n_0
    SLICE_X39Y76         CARRY4 (Prop_carry4_CI_CO[0])
                                                      0.187     8.105 r  CC/GSM/data_out_OBUF[7]_inst_i_17/CO[0]
                         net (fo=1, routed)           0.847     8.952    CC/GSM/hitx_00
    SLICE_X39Y53         LUT6 (Prop_lut6_I0_O)        0.279     9.231 r  CC/GSM/data_out_OBUF[7]_inst_i_5/O
                         net (fo=65, routed)          1.337    10.568    CC/GSM/A[6]_0
    SLICE_X51Y46         LUT5 (Prop_lut5_I3_O)        0.097    10.665 r  CC/GSM/data_out_OBUF[1]_inst_i_1/O
                         net (fo=1, routed)           2.220    12.886    data_out_OBUF[1]
    H19                  OBUF (Prop_obuf_I_O)         2.236    15.121 r  data_out_OBUF[1]_inst/O
                         net (fo=0)                   0.000    15.121    data_out[1]
    H19                                                               r  data_out[1] (OUT)
  -------------------------------------------------------------------    -------------------

Slack:                    inf
  Source:                 CC/GSM/cache_tag_reg[1][51][12]/C
                            (rising edge-triggered cell FDCE clocked by clk  {rise@0.000ns fall@5.000ns period=10.000ns})
  Destination:            data_out[2]
                            (output port)
  Path Group:             (none)
  Path Type:              Max at Slow Process Corner
  Data Path Delay:        11.250ns  (logic 3.994ns (35.505%)  route 7.255ns (64.495%))
  Logic Levels:           10  (CARRY4=2 LUT4=1 LUT5=2 LUT6=4 OBUF=1)
  Clock Uncertainty:      0.025ns  ((TSJ^2 + TIJ^2)^1/2 + DJ) / 2 + PE
    Total System Jitter     (TSJ):    0.050ns
    Total Input Jitter      (TIJ):    0.000ns
    Discrete Jitter          (DJ):    0.000ns
    Phase Error              (PE):    0.000ns

    Location             Delay type                Incr(ns)  Path(ns)    Netlist Resource(s)
  -------------------------------------------------------------------    -------------------
                         (clock clk rise edge)        0.000     0.000 r  
    M18                                               0.000     0.000 r  clk (IN)
                         net (fo=0)                   0.000     0.000    clk
    M18                  IBUF (Prop_ibuf_I_O)         0.787     0.787 r  clk_IBUF_inst/O
                         net (fo=1, routed)           1.502     2.289    clk_IBUF
    BUFGCTRL_X0Y0        BUFG (Prop_bufg_I_O)         0.076     2.365 r  clk_IBUF_BUFG_inst/O
                         net (fo=9867, routed)        1.227     3.592    CC/GSM/clk_IBUF_BUFG
    SLICE_X51Y93         FDCE                                         r  CC/GSM/cache_tag_reg[1][51][12]/C
  -------------------------------------------------------------------    -------------------
    SLICE_X51Y93         FDCE (Prop_fdce_C_Q)         0.341     3.933 r  CC/GSM/cache_tag_reg[1][51][12]/Q
                         net (fo=2, routed)           0.711     4.644    CC/GSM/cache_tag_reg[1][51]_102[12]
    SLICE_X52Y93         LUT6 (Prop_lut6_I0_O)        0.097     4.741 r  CC/GSM/data_out_OBUF[7]_inst_i_981/O
                         net (fo=1, routed)           0.470     5.211    CC/GSM/data_out_OBUF[7]_inst_i_981_n_0
    SLICE_X53Y88         LUT4 (Prop_lut4_I3_O)        0.097     5.308 r  CC/GSM/data_out_OBUF[7]_inst_i_548/O
                         net (fo=1, routed)           0.297     5.605    CC/GSM/data_out_OBUF[7]_inst_i_548_n_0
    SLICE_X53Y88         LUT5 (Prop_lut5_I4_O)        0.097     5.702 f  CC/GSM/data_out_OBUF[7]_inst_i_297/O
                         net (fo=1, routed)           0.675     6.377    CC/GSM/data_out_OBUF[7]_inst_i_297_n_0
    SLICE_X57Y86         LUT6 (Prop_lut6_I0_O)        0.097     6.474 r  CC/GSM/data_out_OBUF[7]_inst_i_207/O
                         net (fo=1, routed)           1.007     7.481    CC/GSM/data_out_OBUF[7]_inst_i_207_n_0
    SLICE_X38Y75         LUT6 (Prop_lut6_I3_O)        0.097     7.578 r  CC/GSM/data_out_OBUF[7]_inst_i_101/O
                         net (fo=1, routed)           0.000     7.578    CC/GSM/data_out_OBUF[7]_inst_i_101_n_0
    SLICE_X38Y75         CARRY4 (Prop_carry4_S[0]_CO[3])
                                                      0.379     7.957 r  CC/GSM/data_out_OBUF[7]_inst_i_40/CO[3]
                         net (fo=1, routed)           0.000     7.957    CC/GSM/data_out_OBUF[7]_inst_i_40_n_0
    SLICE_X38Y76         CARRY4 (Prop_carry4_CI_CO[0])
                                                      0.184     8.141 r  CC/GSM/data_out_OBUF[7]_inst_i_13/CO[0]
                         net (fo=1, routed)           0.831     8.973    CC/GSM/hitx_10
    SLICE_X39Y56         LUT6 (Prop_lut6_I0_O)        0.262     9.235 r  CC/GSM/data_out_OBUF[7]_inst_i_4/O
                         net (fo=69, routed)          1.230    10.465    CC/GSM/A[6]_12
    SLICE_X49Y47         LUT5 (Prop_lut5_I1_O)        0.097    10.562 r  CC/GSM/data_out_OBUF[2]_inst_i_1/O
                         net (fo=1, routed)           2.034    12.596    data_out_OBUF[2]
    E19                  OBUF (Prop_obuf_I_O)         2.246    14.842 r  data_out_OBUF[2]_inst/O
                         net (fo=0)                   0.000    14.842    data_out[2]
    E19                                                               r  data_out[2] (OUT)
  -------------------------------------------------------------------    -------------------

Slack:                    inf
  Source:                 CC/cache_fsm/FSM_onehot_state_reg[3]/C
                            (rising edge-triggered cell FDCE clocked by clk  {rise@0.000ns fall@5.000ns period=10.000ns})
  Destination:            stall
                            (output port)
  Path Group:             (none)
  Path Type:              Max at Slow Process Corner
  Data Path Delay:        5.496ns  (logic 2.941ns (53.514%)  route 2.555ns (46.486%))
  Logic Levels:           2  (LUT4=1 OBUF=1)
  Clock Uncertainty:      0.025ns  ((TSJ^2 + TIJ^2)^1/2 + DJ) / 2 + PE
    Total System Jitter     (TSJ):    0.050ns
    Total Input Jitter      (TIJ):    0.000ns
    Discrete Jitter          (DJ):    0.000ns
    Phase Error              (PE):    0.000ns

    Location             Delay type                Incr(ns)  Path(ns)    Netlist Resource(s)
  -------------------------------------------------------------------    -------------------
                         (clock clk rise edge)        0.000     0.000 r  
    M18                                               0.000     0.000 r  clk (IN)
                         net (fo=0)                   0.000     0.000    clk
    M18                  IBUF (Prop_ibuf_I_O)         0.787     0.787 r  clk_IBUF_inst/O
                         net (fo=1, routed)           1.502     2.289    clk_IBUF
    BUFGCTRL_X0Y0        BUFG (Prop_bufg_I_O)         0.076     2.365 r  clk_IBUF_BUFG_inst/O
                         net (fo=9867, routed)        1.240     3.605    CC/cache_fsm/clk_IBUF_BUFG
    SLICE_X36Y46         FDCE                                         r  CC/cache_fsm/FSM_onehot_state_reg[3]/C
  -------------------------------------------------------------------    -------------------
    SLICE_X36Y46         FDCE (Prop_fdce_C_Q)         0.313     3.918 r  CC/cache_fsm/FSM_onehot_state_reg[3]/Q
                         net (fo=3, routed)           0.634     4.552    CC/cache_fsm/FSM_onehot_state_reg_n_0_[3]
    SLICE_X34Y46         LUT4 (Prop_lut4_I2_O)        0.228     4.780 r  CC/cache_fsm/stall_OBUF_inst_i_1/O
                         net (fo=1, routed)           1.921     6.700    stall_OBUF
    D17                  OBUF (Prop_obuf_I_O)         2.400     9.100 r  stall_OBUF_inst/O
                         net (fo=0)                   0.000     9.100    stall
    D17                                                               r  stall (OUT)
  -------------------------------------------------------------------    -------------------





Min Delay Paths
--------------------------------------------------------------------------------------
Slack:                    inf
  Source:                 CC/cache_fsm/FSM_onehot_state_reg[2]/C
                            (rising edge-triggered cell FDCE clocked by clk  {rise@0.000ns fall@5.000ns period=10.000ns})
  Destination:            stall
                            (output port)
  Path Group:             (none)
  Path Type:              Min at Fast Process Corner
  Data Path Delay:        2.444ns  (logic 1.402ns (57.368%)  route 1.042ns (42.632%))
  Logic Levels:           2  (LUT4=1 OBUF=1)
  Clock Uncertainty:      0.025ns  ((TSJ^2 + TIJ^2)^1/2 + DJ) / 2 + PE
    Total System Jitter     (TSJ):    0.050ns
    Total Input Jitter      (TIJ):    0.000ns
    Discrete Jitter          (DJ):    0.000ns
    Phase Error              (PE):    0.000ns

    Location             Delay type                Incr(ns)  Path(ns)    Netlist Resource(s)
  -------------------------------------------------------------------    -------------------
                         (clock clk rise edge)        0.000     0.000 r  
    M18                                               0.000     0.000 r  clk (IN)
                         net (fo=0)                   0.000     0.000    clk
    M18                  IBUF (Prop_ibuf_I_O)         0.167     0.167 r  clk_IBUF_inst/O
                         net (fo=1, routed)           0.634     0.801    clk_IBUF
    BUFGCTRL_X0Y0        BUFG (Prop_bufg_I_O)         0.026     0.827 r  clk_IBUF_BUFG_inst/O
                         net (fo=9867, routed)        0.563     1.390    CC/cache_fsm/clk_IBUF_BUFG
    SLICE_X36Y46         FDCE                                         r  CC/cache_fsm/FSM_onehot_state_reg[2]/C
  -------------------------------------------------------------------    -------------------
    SLICE_X36Y46         FDCE (Prop_fdce_C_Q)         0.141     1.531 r  CC/cache_fsm/FSM_onehot_state_reg[2]/Q
                         net (fo=89, routed)          0.238     1.769    CC/cache_fsm/Q[2]
    SLICE_X34Y46         LUT4 (Prop_lut4_I1_O)        0.048     1.817 r  CC/cache_fsm/stall_OBUF_inst_i_1/O
                         net (fo=1, routed)           0.804     2.621    stall_OBUF
    D17                  OBUF (Prop_obuf_I_O)         1.213     3.834 r  stall_OBUF_inst/O
                         net (fo=0)                   0.000     3.834    stall
    D17                                                               r  stall (OUT)
  -------------------------------------------------------------------    -------------------

Slack:                    inf
  Source:                 CC/GSM/cache_mem_reg[0][10][8]/C
                            (rising edge-triggered cell FDCE clocked by clk  {rise@0.000ns fall@5.000ns period=10.000ns})
  Destination:            data_out[0]
                            (output port)
  Path Group:             (none)
  Path Type:              Min at Fast Process Corner
  Data Path Delay:        3.055ns  (logic 1.685ns (55.139%)  route 1.371ns (44.861%))
  Logic Levels:           7  (LUT5=1 LUT6=2 MUXF7=2 MUXF8=1 OBUF=1)
  Clock Uncertainty:      0.025ns  ((TSJ^2 + TIJ^2)^1/2 + DJ) / 2 + PE
    Total System Jitter     (TSJ):    0.050ns
    Total Input Jitter      (TIJ):    0.000ns
    Discrete Jitter          (DJ):    0.000ns
    Phase Error              (PE):    0.000ns

    Location             Delay type                Incr(ns)  Path(ns)    Netlist Resource(s)
  -------------------------------------------------------------------    -------------------
                         (clock clk rise edge)        0.000     0.000 r  
    M18                                               0.000     0.000 r  clk (IN)
                         net (fo=0)                   0.000     0.000    clk
    M18                  IBUF (Prop_ibuf_I_O)         0.167     0.167 r  clk_IBUF_inst/O
                         net (fo=1, routed)           0.634     0.801    clk_IBUF
    BUFGCTRL_X0Y0        BUFG (Prop_bufg_I_O)         0.026     0.827 r  clk_IBUF_BUFG_inst/O
                         net (fo=9867, routed)        0.564     1.391    CC/GSM/clk_IBUF_BUFG
    SLICE_X45Y46         FDCE                                         r  CC/GSM/cache_mem_reg[0][10][8]/C
  -------------------------------------------------------------------    -------------------
    SLICE_X45Y46         FDCE (Prop_fdce_C_Q)         0.141     1.532 r  CC/GSM/cache_mem_reg[0][10][8]/Q
                         net (fo=1, routed)           0.108     1.640    CC/GSM/cache_mem_reg_n_0_[0][10][8]
    SLICE_X44Y47         LUT6 (Prop_lut6_I1_O)        0.045     1.685 r  CC/GSM/data_out_OBUF[0]_inst_i_83/O
                         net (fo=1, routed)           0.000     1.685    CC/GSM/data_out_OBUF[0]_inst_i_83_n_0
    SLICE_X44Y47         MUXF7 (Prop_muxf7_I0_O)      0.062     1.747 r  CC/GSM/data_out_OBUF[0]_inst_i_37/O
                         net (fo=1, routed)           0.000     1.747    CC/GSM/data_out_OBUF[0]_inst_i_37_n_0
    SLICE_X44Y47         MUXF8 (Prop_muxf8_I1_O)      0.019     1.766 r  CC/GSM/data_out_OBUF[0]_inst_i_13/O
                         net (fo=1, routed)           0.340     2.106    CC/GSM/data_out_OBUF[0]_inst_i_13_n_0
    SLICE_X54Y43         LUT6 (Prop_lut6_I1_O)        0.112     2.218 f  CC/GSM/data_out_OBUF[0]_inst_i_5/O
                         net (fo=1, routed)           0.000     2.218    CC/GSM/data_out_OBUF[0]_inst_i_5_n_0
    SLICE_X54Y43         MUXF7 (Prop_muxf7_I1_O)      0.064     2.282 f  CC/GSM/data_out_OBUF[0]_inst_i_2/O
                         net (fo=1, routed)           0.138     2.420    CC/GSM/data_out_OBUF[0]_inst_i_2_n_0
    SLICE_X54Y43         LUT5 (Prop_lut5_I3_O)        0.108     2.528 r  CC/GSM/data_out_OBUF[0]_inst_i_1/O
                         net (fo=1, routed)           0.785     3.312    data_out_OBUF[0]
    G19                  OBUF (Prop_obuf_I_O)         1.134     4.446 r  data_out_OBUF[0]_inst/O
                         net (fo=0)                   0.000     4.446    data_out[0]
    G19                                                               r  data_out[0] (OUT)
  -------------------------------------------------------------------    -------------------

Slack:                    inf
  Source:                 CC/GSM/cache_mem_reg[0][59][1]/C
                            (rising edge-triggered cell FDCE clocked by clk  {rise@0.000ns fall@5.000ns period=10.000ns})
  Destination:            data_out[1]
                            (output port)
  Path Group:             (none)
  Path Type:              Min at Fast Process Corner
  Data Path Delay:        3.082ns  (logic 1.701ns (55.195%)  route 1.381ns (44.805%))
  Logic Levels:           7  (LUT5=1 LUT6=2 MUXF7=2 MUXF8=1 OBUF=1)
  Clock Uncertainty:      0.025ns  ((TSJ^2 + TIJ^2)^1/2 + DJ) / 2 + PE
    Total System Jitter     (TSJ):    0.050ns
    Total Input Jitter      (TIJ):    0.000ns
    Discrete Jitter          (DJ):    0.000ns
    Phase Error              (PE):    0.000ns

    Location             Delay type                Incr(ns)  Path(ns)    Netlist Resource(s)
  -------------------------------------------------------------------    -------------------
                         (clock clk rise edge)        0.000     0.000 r  
    M18                                               0.000     0.000 r  clk (IN)
                         net (fo=0)                   0.000     0.000    clk
    M18                  IBUF (Prop_ibuf_I_O)         0.167     0.167 r  clk_IBUF_inst/O
                         net (fo=1, routed)           0.634     0.801    clk_IBUF
    BUFGCTRL_X0Y0        BUFG (Prop_bufg_I_O)         0.026     0.827 r  clk_IBUF_BUFG_inst/O
                         net (fo=9867, routed)        0.567     1.394    CC/GSM/clk_IBUF_BUFG
    SLICE_X52Y48         FDCE                                         r  CC/GSM/cache_mem_reg[0][59][1]/C
  -------------------------------------------------------------------    -------------------
    SLICE_X52Y48         FDCE (Prop_fdce_C_Q)         0.164     1.558 r  CC/GSM/cache_mem_reg[0][59][1]/Q
                         net (fo=2, routed)           0.152     1.710    CC/GSM/cache_mem_reg_n_0_[0][59][1]
    SLICE_X53Y46         LUT6 (Prop_lut6_I0_O)        0.045     1.755 r  CC/GSM/data_out_OBUF[1]_inst_i_94/O
                         net (fo=1, routed)           0.000     1.755    CC/GSM/data_out_OBUF[1]_inst_i_94_n_0
    SLICE_X53Y46         MUXF7 (Prop_muxf7_I0_O)      0.062     1.817 r  CC/GSM/data_out_OBUF[1]_inst_i_49/O
                         net (fo=1, routed)           0.000     1.817    CC/GSM/data_out_OBUF[1]_inst_i_49_n_0
    SLICE_X53Y46         MUXF8 (Prop_muxf8_I1_O)      0.019     1.836 r  CC/GSM/data_out_OBUF[1]_inst_i_17/O
                         net (fo=1, routed)           0.093     1.928    CC/GSM/data_out_OBUF[1]_inst_i_17_n_0
    SLICE_X51Y46         LUT6 (Prop_lut6_I1_O)        0.112     2.040 r  CC/GSM/data_out_OBUF[1]_inst_i_6/O
                         net (fo=1, routed)           0.000     2.040    CC/GSM/data_out_OBUF[1]_inst_i_6_n_0
    SLICE_X51Y46         MUXF7 (Prop_muxf7_I0_O)      0.062     2.102 r  CC/GSM/data_out_OBUF[1]_inst_i_3/O
                         net (fo=1, routed)           0.136     2.238    CC/GSM/data_out_OBUF[1]_inst_i_3_n_0
    SLICE_X51Y46         LUT5 (Prop_lut5_I4_O)        0.108     2.346 r  CC/GSM/data_out_OBUF[1]_inst_i_1/O
                         net (fo=1, routed)           1.000     3.347    data_out_OBUF[1]
    H19                  OBUF (Prop_obuf_I_O)         1.129     4.476 r  data_out_OBUF[1]_inst/O
                         net (fo=0)                   0.000     4.476    data_out[1]
    H19                                                               r  data_out[1] (OUT)
  -------------------------------------------------------------------    -------------------

Slack:                    inf
  Source:                 CC/GSM/cache_mem_reg[0][35][7]/C
                            (rising edge-triggered cell FDCE clocked by clk  {rise@0.000ns fall@5.000ns period=10.000ns})
  Destination:            data_out[7]
                            (output port)
  Path Group:             (none)
  Path Type:              Min at Fast Process Corner
  Data Path Delay:        3.158ns  (logic 1.415ns (44.819%)  route 1.743ns (55.181%))
  Logic Levels:           4  (LUT5=1 LUT6=2 OBUF=1)
  Clock Uncertainty:      0.025ns  ((TSJ^2 + TIJ^2)^1/2 + DJ) / 2 + PE
    Total System Jitter     (TSJ):    0.050ns
    Total Input Jitter      (TIJ):    0.000ns
    Discrete Jitter          (DJ):    0.000ns
    Phase Error              (PE):    0.000ns

    Location             Delay type                Incr(ns)  Path(ns)    Netlist Resource(s)
  -------------------------------------------------------------------    -------------------
                         (clock clk rise edge)        0.000     0.000 r  
    M18                                               0.000     0.000 r  clk (IN)
                         net (fo=0)                   0.000     0.000    clk
    M18                  IBUF (Prop_ibuf_I_O)         0.167     0.167 r  clk_IBUF_inst/O
                         net (fo=1, routed)           0.634     0.801    clk_IBUF
    BUFGCTRL_X0Y0        BUFG (Prop_bufg_I_O)         0.026     0.827 r  clk_IBUF_BUFG_inst/O
                         net (fo=9867, routed)        0.563     1.390    CC/GSM/clk_IBUF_BUFG
    SLICE_X33Y44         FDCE                                         r  CC/GSM/cache_mem_reg[0][35][7]/C
  -------------------------------------------------------------------    -------------------
    SLICE_X33Y44         FDCE (Prop_fdce_C_Q)         0.141     1.531 r  CC/GSM/cache_mem_reg[0][35][7]/Q
                         net (fo=2, routed)           0.187     1.718    CC/GSM/cache_mem_reg_n_0_[0][35][7]
    SLICE_X34Y40         LUT6 (Prop_lut6_I0_O)        0.045     1.763 r  CC/GSM/data_out_OBUF[7]_inst_i_9/O
                         net (fo=1, routed)           0.370     2.132    CC/GSM/data_out_OBUF[7]_inst_i_9_n_0
    SLICE_X48Y41         LUT6 (Prop_lut6_I3_O)        0.045     2.177 f  CC/GSM/data_out_OBUF[7]_inst_i_2/O
                         net (fo=1, routed)           0.225     2.402    CC/GSM/data_out_OBUF[7]_inst_i_2_n_0
    SLICE_X48Y47         LUT5 (Prop_lut5_I0_O)        0.045     2.447 r  CC/GSM/data_out_OBUF[7]_inst_i_1/O
                         net (fo=1, routed)           0.961     3.408    data_out_OBUF[7]
    D18                  OBUF (Prop_obuf_I_O)         1.139     4.548 r  data_out_OBUF[7]_inst/O
                         net (fo=0)                   0.000     4.548    data_out[7]
    D18                                                               r  data_out[7] (OUT)
  -------------------------------------------------------------------    -------------------

Slack:                    inf
  Source:                 CC/GSM/cache_mem_reg[0][14][10]/C
                            (rising edge-triggered cell FDCE clocked by clk  {rise@0.000ns fall@5.000ns period=10.000ns})
  Destination:            data_out[2]
                            (output port)
  Path Group:             (none)
  Path Type:              Min at Fast Process Corner
  Data Path Delay:        3.254ns  (logic 1.695ns (52.078%)  route 1.559ns (47.922%))
  Logic Levels:           7  (LUT5=1 LUT6=2 MUXF7=2 MUXF8=1 OBUF=1)
  Clock Uncertainty:      0.025ns  ((TSJ^2 + TIJ^2)^1/2 + DJ) / 2 + PE
    Total System Jitter     (TSJ):    0.050ns
    Total Input Jitter      (TIJ):    0.000ns
    Discrete Jitter          (DJ):    0.000ns
    Phase Error              (PE):    0.000ns

    Location             Delay type                Incr(ns)  Path(ns)    Netlist Resource(s)
  -------------------------------------------------------------------    -------------------
                         (clock clk rise edge)        0.000     0.000 r  
    M18                                               0.000     0.000 r  clk (IN)
                         net (fo=0)                   0.000     0.000    clk
    M18                  IBUF (Prop_ibuf_I_O)         0.167     0.167 r  clk_IBUF_inst/O
                         net (fo=1, routed)           0.634     0.801    clk_IBUF
    BUFGCTRL_X0Y0        BUFG (Prop_bufg_I_O)         0.026     0.827 r  clk_IBUF_BUFG_inst/O
                         net (fo=9867, routed)        0.562     1.389    CC/GSM/clk_IBUF_BUFG
    SLICE_X41Y50         FDCE                                         r  CC/GSM/cache_mem_reg[0][14][10]/C
  -------------------------------------------------------------------    -------------------
    SLICE_X41Y50         FDCE (Prop_fdce_C_Q)         0.141     1.530 r  CC/GSM/cache_mem_reg[0][14][10]/Q
                         net (fo=1, routed)           0.107     1.637    CC/GSM/cache_mem_reg_n_0_[0][14][10]
    SLICE_X41Y50         LUT6 (Prop_lut6_I1_O)        0.045     1.682 r  CC/GSM/data_out_OBUF[2]_inst_i_111/O
                         net (fo=1, routed)           0.000     1.682    CC/GSM/data_out_OBUF[2]_inst_i_111_n_0
    SLICE_X41Y50         MUXF7 (Prop_muxf7_I1_O)      0.065     1.747 r  CC/GSM/data_out_OBUF[2]_inst_i_63/O
                         net (fo=1, routed)           0.000     1.747    CC/GSM/data_out_OBUF[2]_inst_i_63_n_0
    SLICE_X41Y50         MUXF8 (Prop_muxf8_I1_O)      0.019     1.766 r  CC/GSM/data_out_OBUF[2]_inst_i_23/O
                         net (fo=1, routed)           0.419     2.186    CC/GSM/data_out_OBUF[2]_inst_i_23_n_0
    SLICE_X49Y48         LUT6 (Prop_lut6_I5_O)        0.112     2.298 f  CC/GSM/data_out_OBUF[2]_inst_i_7/O
                         net (fo=1, routed)           0.000     2.298    CC/GSM/data_out_OBUF[2]_inst_i_7_n_0
    SLICE_X49Y48         MUXF7 (Prop_muxf7_I1_O)      0.065     2.363 f  CC/GSM/data_out_OBUF[2]_inst_i_3/O
                         net (fo=1, routed)           0.162     2.524    CC/GSM/data_out_OBUF[2]_inst_i_3_n_0
    SLICE_X49Y47         LUT5 (Prop_lut5_I3_O)        0.108     2.632 r  CC/GSM/data_out_OBUF[2]_inst_i_1/O
                         net (fo=1, routed)           0.871     3.503    data_out_OBUF[2]
    E19                  OBUF (Prop_obuf_I_O)         1.140     4.643 r  data_out_OBUF[2]_inst/O
                         net (fo=0)                   0.000     4.643    data_out[2]
    E19                                                               r  data_out[2] (OUT)
  -------------------------------------------------------------------    -------------------

Slack:                    inf
  Source:                 CC/GSM/cache_mem_reg[0][31][4]/C
                            (rising edge-triggered cell FDCE clocked by clk  {rise@0.000ns fall@5.000ns period=10.000ns})
  Destination:            data_out[4]
                            (output port)
  Path Group:             (none)
  Path Type:              Min at Fast Process Corner
  Data Path Delay:        3.268ns  (logic 1.684ns (51.526%)  route 1.584ns (48.474%))
  Logic Levels:           7  (LUT5=1 LUT6=2 MUXF7=2 MUXF8=1 OBUF=1)
  Clock Uncertainty:      0.025ns  ((TSJ^2 + TIJ^2)^1/2 + DJ) / 2 + PE
    Total System Jitter     (TSJ):    0.050ns
    Total Input Jitter      (TIJ):    0.000ns
    Discrete Jitter          (DJ):    0.000ns
    Phase Error              (PE):    0.000ns

    Location             Delay type                Incr(ns)  Path(ns)    Netlist Resource(s)
  -------------------------------------------------------------------    -------------------
                         (clock clk rise edge)        0.000     0.000 r  
    M18                                               0.000     0.000 r  clk (IN)
                         net (fo=0)                   0.000     0.000    clk
    M18                  IBUF (Prop_ibuf_I_O)         0.167     0.167 r  clk_IBUF_inst/O
                         net (fo=1, routed)           0.634     0.801    clk_IBUF
    BUFGCTRL_X0Y0        BUFG (Prop_bufg_I_O)         0.026     0.827 r  clk_IBUF_BUFG_inst/O
                         net (fo=9867, routed)        0.594     1.421    CC/GSM/clk_IBUF_BUFG
    SLICE_X62Y41         FDCE                                         r  CC/GSM/cache_mem_reg[0][31][4]/C
  -------------------------------------------------------------------    -------------------
    SLICE_X62Y41         FDCE (Prop_fdce_C_Q)         0.141     1.562 r  CC/GSM/cache_mem_reg[0][31][4]/Q
                         net (fo=2, routed)           0.064     1.626    CC/GSM/cache_mem_reg_n_0_[0][31][4]
    SLICE_X63Y41         LUT6 (Prop_lut6_I0_O)        0.045     1.671 r  CC/GSM/data_out_OBUF[4]_inst_i_77/O
                         net (fo=1, routed)           0.000     1.671    CC/GSM/data_out_OBUF[4]_inst_i_77_n_0
    SLICE_X63Y41         MUXF7 (Prop_muxf7_I1_O)      0.065     1.736 r  CC/GSM/data_out_OBUF[4]_inst_i_31/O
                         net (fo=1, routed)           0.000     1.736    CC/GSM/data_out_OBUF[4]_inst_i_31_n_0
    SLICE_X63Y41         MUXF8 (Prop_muxf8_I1_O)      0.019     1.755 r  CC/GSM/data_out_OBUF[4]_inst_i_10/O
                         net (fo=1, routed)           0.306     2.060    CC/GSM/data_out_OBUF[4]_inst_i_10_n_0
    SLICE_X56Y44         LUT6 (Prop_lut6_I3_O)        0.112     2.172 r  CC/GSM/data_out_OBUF[4]_inst_i_4/O
                         net (fo=1, routed)           0.000     2.172    CC/GSM/data_out_OBUF[4]_inst_i_4_n_0
    SLICE_X56Y44         MUXF7 (Prop_muxf7_I0_O)      0.062     2.234 r  CC/GSM/data_out_OBUF[4]_inst_i_2/O
                         net (fo=1, routed)           0.253     2.488    CC/GSM/data_out_OBUF[4]_inst_i_2_n_0
    SLICE_X55Y44         LUT5 (Prop_lut5_I3_O)        0.108     2.596 r  CC/GSM/data_out_OBUF[4]_inst_i_1/O
                         net (fo=1, routed)           0.961     3.557    data_out_OBUF[4]
    F18                  OBUF (Prop_obuf_I_O)         1.132     4.689 r  data_out_OBUF[4]_inst/O
                         net (fo=0)                   0.000     4.689    data_out[4]
    F18                                                               r  data_out[4] (OUT)
  -------------------------------------------------------------------    -------------------

Slack:                    inf
  Source:                 CC/GSM/cache_mem_reg[0][5][11]/C
                            (rising edge-triggered cell FDCE clocked by clk  {rise@0.000ns fall@5.000ns period=10.000ns})
  Destination:            data_out[3]
                            (output port)
  Path Group:             (none)
  Path Type:              Min at Fast Process Corner
  Data Path Delay:        3.321ns  (logic 1.593ns (47.965%)  route 1.728ns (52.035%))
  Logic Levels:           6  (LUT5=2 LUT6=2 MUXF7=1 OBUF=1)
  Clock Uncertainty:      0.025ns  ((TSJ^2 + TIJ^2)^1/2 + DJ) / 2 + PE
    Total System Jitter     (TSJ):    0.050ns
    Total Input Jitter      (TIJ):    0.000ns
    Discrete Jitter          (DJ):    0.000ns
    Phase Error              (PE):    0.000ns

    Location             Delay type                Incr(ns)  Path(ns)    Netlist Resource(s)
  -------------------------------------------------------------------    -------------------
                         (clock clk rise edge)        0.000     0.000 r  
    M18                                               0.000     0.000 r  clk (IN)
                         net (fo=0)                   0.000     0.000    clk
    M18                  IBUF (Prop_ibuf_I_O)         0.167     0.167 r  clk_IBUF_inst/O
                         net (fo=1, routed)           0.634     0.801    clk_IBUF
    BUFGCTRL_X0Y0        BUFG (Prop_bufg_I_O)         0.026     0.827 r  clk_IBUF_BUFG_inst/O
                         net (fo=9867, routed)        0.563     1.390    CC/GSM/clk_IBUF_BUFG
    SLICE_X40Y44         FDCE                                         r  CC/GSM/cache_mem_reg[0][5][11]/C
  -------------------------------------------------------------------    -------------------
    SLICE_X40Y44         FDCE (Prop_fdce_C_Q)         0.141     1.531 r  CC/GSM/cache_mem_reg[0][5][11]/Q
                         net (fo=1, routed)           0.105     1.636    CC/GSM/cache_mem_reg_n_0_[0][5][11]
    SLICE_X41Y44         LUT6 (Prop_lut6_I3_O)        0.045     1.681 r  CC/GSM/data_out_OBUF[3]_inst_i_68/O
                         net (fo=1, routed)           0.112     1.793    CC/GSM/data_out_OBUF[3]_inst_i_68_n_0
    SLICE_X44Y44         LUT5 (Prop_lut5_I0_O)        0.045     1.838 f  CC/GSM/data_out_OBUF[3]_inst_i_23/O
                         net (fo=1, routed)           0.286     2.123    CC/GSM/data_out_OBUF[3]_inst_i_23_n_0
    SLICE_X50Y42         LUT6 (Prop_lut6_I5_O)        0.045     2.168 f  CC/GSM/data_out_OBUF[3]_inst_i_7/O
                         net (fo=1, routed)           0.000     2.168    CC/GSM/data_out_OBUF[3]_inst_i_7_n_0
    SLICE_X50Y42         MUXF7 (Prop_muxf7_I1_O)      0.064     2.232 f  CC/GSM/data_out_OBUF[3]_inst_i_3/O
                         net (fo=1, routed)           0.176     2.408    CC/GSM/data_out_OBUF[3]_inst_i_3_n_0
    SLICE_X50Y43         LUT5 (Prop_lut5_I3_O)        0.108     2.516 r  CC/GSM/data_out_OBUF[3]_inst_i_1/O
                         net (fo=1, routed)           1.050     3.566    data_out_OBUF[3]
    E18                  OBUF (Prop_obuf_I_O)         1.145     4.711 r  data_out_OBUF[3]_inst/O
                         net (fo=0)                   0.000     4.711    data_out[3]
    E18                                                               r  data_out[3] (OUT)
  -------------------------------------------------------------------    -------------------

Slack:                    inf
  Source:                 CC/GSM/cache_mem_reg[1][53][5]/C
                            (rising edge-triggered cell FDCE clocked by clk  {rise@0.000ns fall@5.000ns period=10.000ns})
  Destination:            data_out[5]
                            (output port)
  Path Group:             (none)
  Path Type:              Min at Fast Process Corner
  Data Path Delay:        3.384ns  (logic 1.722ns (50.904%)  route 1.661ns (49.096%))
  Logic Levels:           7  (LUT5=1 LUT6=2 MUXF7=2 MUXF8=1 OBUF=1)
  Clock Uncertainty:      0.025ns  ((TSJ^2 + TIJ^2)^1/2 + DJ) / 2 + PE
    Total System Jitter     (TSJ):    0.050ns
    Total Input Jitter      (TIJ):    0.000ns
    Discrete Jitter          (DJ):    0.000ns
    Phase Error              (PE):    0.000ns

    Location             Delay type                Incr(ns)  Path(ns)    Netlist Resource(s)
  -------------------------------------------------------------------    -------------------
                         (clock clk rise edge)        0.000     0.000 r  
    M18                                               0.000     0.000 r  clk (IN)
                         net (fo=0)                   0.000     0.000    clk
    M18                  IBUF (Prop_ibuf_I_O)         0.167     0.167 r  clk_IBUF_inst/O
                         net (fo=1, routed)           0.634     0.801    clk_IBUF
    BUFGCTRL_X0Y0        BUFG (Prop_bufg_I_O)         0.026     0.827 r  clk_IBUF_BUFG_inst/O
                         net (fo=9867, routed)        0.565     1.392    CC/GSM/clk_IBUF_BUFG
    SLICE_X54Y52         FDCE                                         r  CC/GSM/cache_mem_reg[1][53][5]/C
  -------------------------------------------------------------------    -------------------
    SLICE_X54Y52         FDCE (Prop_fdce_C_Q)         0.164     1.556 r  CC/GSM/cache_mem_reg[1][53][5]/Q
                         net (fo=2, routed)           0.117     1.673    CC/GSM/cache_mem_reg_n_0_[1][53][5]
    SLICE_X54Y51         LUT6 (Prop_lut6_I3_O)        0.045     1.718 r  CC/GSM/data_out_OBUF[5]_inst_i_83/O
                         net (fo=1, routed)           0.000     1.718    CC/GSM/data_out_OBUF[5]_inst_i_83_n_0
    SLICE_X54Y51         MUXF7 (Prop_muxf7_I1_O)      0.075     1.793 r  CC/GSM/data_out_OBUF[5]_inst_i_46/O
                         net (fo=1, routed)           0.000     1.793    CC/GSM/data_out_OBUF[5]_inst_i_46_n_0
    SLICE_X54Y51         MUXF8 (Prop_muxf8_I0_O)      0.022     1.815 r  CC/GSM/data_out_OBUF[5]_inst_i_16/O
                         net (fo=1, routed)           0.218     2.033    CC/GSM/data_out_OBUF[5]_inst_i_16_n_0
    SLICE_X55Y50         LUT6 (Prop_lut6_I0_O)        0.113     2.146 r  CC/GSM/data_out_OBUF[5]_inst_i_6/O
                         net (fo=1, routed)           0.000     2.146    CC/GSM/data_out_OBUF[5]_inst_i_6_n_0
    SLICE_X55Y50         MUXF7 (Prop_muxf7_I0_O)      0.062     2.208 r  CC/GSM/data_out_OBUF[5]_inst_i_3/O
                         net (fo=1, routed)           0.292     2.500    CC/GSM/data_out_OBUF[5]_inst_i_3_n_0
    SLICE_X52Y47         LUT5 (Prop_lut5_I4_O)        0.108     2.608 r  CC/GSM/data_out_OBUF[5]_inst_i_1/O
                         net (fo=1, routed)           1.034     3.642    data_out_OBUF[5]
    G18                  OBUF (Prop_obuf_I_O)         1.133     4.776 r  data_out_OBUF[5]_inst/O
                         net (fo=0)                   0.000     4.776    data_out[5]
    G18                                                               r  data_out[5] (OUT)
  -------------------------------------------------------------------    -------------------

Slack:                    inf
  Source:                 CC/GSM/cache_mem_reg[0][15][6]/C
                            (rising edge-triggered cell FDCE clocked by clk  {rise@0.000ns fall@5.000ns period=10.000ns})
  Destination:            data_out[6]
                            (output port)
  Path Group:             (none)
  Path Type:              Min at Fast Process Corner
  Data Path Delay:        3.559ns  (logic 1.584ns (44.501%)  route 1.975ns (55.499%))
  Logic Levels:           6  (LUT5=2 LUT6=2 MUXF7=1 OBUF=1)
  Clock Uncertainty:      0.025ns  ((TSJ^2 + TIJ^2)^1/2 + DJ) / 2 + PE
    Total System Jitter     (TSJ):    0.050ns
    Total Input Jitter      (TIJ):    0.000ns
    Discrete Jitter          (DJ):    0.000ns
    Phase Error              (PE):    0.000ns

    Location             Delay type                Incr(ns)  Path(ns)    Netlist Resource(s)
  -------------------------------------------------------------------    -------------------
                         (clock clk rise edge)        0.000     0.000 r  
    M18                                               0.000     0.000 r  clk (IN)
                         net (fo=0)                   0.000     0.000    clk
    M18                  IBUF (Prop_ibuf_I_O)         0.167     0.167 r  clk_IBUF_inst/O
                         net (fo=1, routed)           0.634     0.801    clk_IBUF
    BUFGCTRL_X0Y0        BUFG (Prop_bufg_I_O)         0.026     0.827 r  clk_IBUF_BUFG_inst/O
                         net (fo=9867, routed)        0.560     1.387    CC/GSM/clk_IBUF_BUFG
    SLICE_X47Y36         FDCE                                         r  CC/GSM/cache_mem_reg[0][15][6]/C
  -------------------------------------------------------------------    -------------------
    SLICE_X47Y36         FDCE (Prop_fdce_C_Q)         0.141     1.528 r  CC/GSM/cache_mem_reg[0][15][6]/Q
                         net (fo=2, routed)           0.064     1.592    CC/GSM/cache_mem_reg_n_0_[0][15][6]
    SLICE_X46Y36         LUT6 (Prop_lut6_I0_O)        0.045     1.637 r  CC/GSM/data_out_OBUF[6]_inst_i_56/O
                         net (fo=1, routed)           0.106     1.743    CC/GSM/data_out_OBUF[6]_inst_i_56_n_0
    SLICE_X46Y37         LUT5 (Prop_lut5_I3_O)        0.045     1.788 f  CC/GSM/data_out_OBUF[6]_inst_i_19/O
                         net (fo=1, routed)           0.550     2.339    CC/GSM/data_out_OBUF[6]_inst_i_19_n_0
    SLICE_X55Y44         LUT6 (Prop_lut6_I5_O)        0.045     2.384 f  CC/GSM/data_out_OBUF[6]_inst_i_6/O
                         net (fo=1, routed)           0.000     2.384    CC/GSM/data_out_OBUF[6]_inst_i_6_n_0
    SLICE_X55Y44         MUXF7 (Prop_muxf7_I0_O)      0.062     2.446 f  CC/GSM/data_out_OBUF[6]_inst_i_3/O
                         net (fo=1, routed)           0.137     2.583    CC/GSM/data_out_OBUF[6]_inst_i_3_n_0
    SLICE_X55Y44         LUT5 (Prop_lut5_I3_O)        0.108     2.691 r  CC/GSM/data_out_OBUF[6]_inst_i_1/O
                         net (fo=1, routed)           1.118     3.808    data_out_OBUF[6]
    D19                  OBUF (Prop_obuf_I_O)         1.138     4.946 r  data_out_OBUF[6]_inst/O
                         net (fo=0)                   0.000     4.946    data_out[6]
    D19                                                               r  data_out[6] (OUT)
  -------------------------------------------------------------------    -------------------





--------------------------------------------------------------------------------------
Path Group:  (none)
From Clock:  
  To Clock:  clk

Max Delay         14392 Endpoints
Min Delay         14392 Endpoints
--------------------------------------------------------------------------------------


Max Delay Paths
--------------------------------------------------------------------------------------
Slack:                    inf
  Source:                 A[3]
                            (input port)
  Destination:            CC/GSM/cache_mem_reg[1][18][4]/CE
                            (rising edge-triggered cell FDCE clocked by clk  {rise@0.000ns fall@5.000ns period=10.000ns})
  Path Group:             (none)
  Path Type:              Setup (Max at Slow Process Corner)
  Data Path Delay:        25.691ns  (logic 1.511ns (5.882%)  route 24.180ns (94.118%))
  Logic Levels:           7  (IBUF=1 LUT2=1 LUT3=1 LUT4=2 LUT5=1 LUT6=1)
  Clock Path Skew:        3.350ns (DCD - SCD + CPR)
    Destination Clock Delay (DCD):    3.350ns
    Source Clock Delay      (SCD):    0.000ns
    Clock Pessimism Removal (CPR):    0.000ns
  Clock Uncertainty:      0.025ns  ((TSJ^2 + TIJ^2)^1/2 + DJ) / 2 + PE
    Total System Jitter     (TSJ):    0.050ns
    Total Input Jitter      (TIJ):    0.000ns
    Discrete Jitter          (DJ):    0.000ns
    Phase Error              (PE):    0.000ns

    Location             Delay type                Incr(ns)  Path(ns)    Netlist Resource(s)
  -------------------------------------------------------------------    -------------------
    U16                                               0.000     0.000 f  A[3] (IN)
                         net (fo=0)                   0.000     0.000    A[3]
    U16                  IBUF (Prop_ibuf_I_O)         0.784     0.784 f  A_IBUF[3]_inst/O
                         net (fo=319, routed)        10.992    11.776    CC/GSM/A_IBUF[3]
    SLICE_X64Y81         LUT2 (Prop_lut2_I0_O)        0.100    11.876 r  CC/GSM/dirty_bit[0][0]_i_4/O
                         net (fo=263, routed)         9.358    21.234    CC/GSM/A[3]_8
    SLICE_X44Y49         LUT4 (Prop_lut4_I2_O)        0.234    21.468 r  CC/GSM/data_out_OBUF[7]_inst_i_45/O
                         net (fo=1, routed)           0.414    21.882    CC/GSM/data_out_OBUF[7]_inst_i_45_n_0
    SLICE_X43Y52         LUT5 (Prop_lut5_I4_O)        0.097    21.979 f  CC/GSM/data_out_OBUF[7]_inst_i_14/O
                         net (fo=1, routed)           0.955    22.934    CC/GSM/data_out_OBUF[7]_inst_i_14_n_0
    SLICE_X39Y56         LUT6 (Prop_lut6_I1_O)        0.097    23.031 r  CC/GSM/data_out_OBUF[7]_inst_i_4/O
                         net (fo=69, routed)          0.546    23.577    CC/GSM/A[6]_12
    SLICE_X39Y52         LUT3 (Prop_lut3_I0_O)        0.097    23.674 r  CC/GSM/cache_mem[1][0][15]_i_3/O
                         net (fo=75, routed)          1.047    24.721    CC/cache_fsm/cache_mem_reg[1][2][8]
    SLICE_X60Y53         LUT4 (Prop_lut4_I3_O)        0.102    24.823 r  CC/cache_fsm/cache_mem[1][18][7]_i_1/O
                         net (fo=8, routed)           0.868    25.691    CC/GSM/cache_mem_reg[1][18][8]_0[0]
    SLICE_X63Y38         FDCE                                         r  CC/GSM/cache_mem_reg[1][18][4]/CE
  -------------------------------------------------------------------    -------------------

                         (clock clk rise edge)        0.000     0.000 r  
    M18                                               0.000     0.000 r  clk (IN)
                         net (fo=0)                   0.000     0.000    clk
    M18                  IBUF (Prop_ibuf_I_O)         0.656     0.656 r  clk_IBUF_inst/O
                         net (fo=1, routed)           1.421     2.077    clk_IBUF
    BUFGCTRL_X0Y0        BUFG (Prop_bufg_I_O)         0.072     2.149 r  clk_IBUF_BUFG_inst/O
                         net (fo=9867, routed)        1.201     3.350    CC/GSM/clk_IBUF_BUFG
    SLICE_X63Y38         FDCE                                         r  CC/GSM/cache_mem_reg[1][18][4]/C

Slack:                    inf
  Source:                 A[3]
                            (input port)
  Destination:            CC/GSM/cache_mem_reg[1][18][6]/CE
                            (rising edge-triggered cell FDCE clocked by clk  {rise@0.000ns fall@5.000ns period=10.000ns})
  Path Group:             (none)
  Path Type:              Setup (Max at Slow Process Corner)
  Data Path Delay:        25.691ns  (logic 1.511ns (5.882%)  route 24.180ns (94.118%))
  Logic Levels:           7  (IBUF=1 LUT2=1 LUT3=1 LUT4=2 LUT5=1 LUT6=1)
  Clock Path Skew:        3.350ns (DCD - SCD + CPR)
    Destination Clock Delay (DCD):    3.350ns
    Source Clock Delay      (SCD):    0.000ns
    Clock Pessimism Removal (CPR):    0.000ns
  Clock Uncertainty:      0.025ns  ((TSJ^2 + TIJ^2)^1/2 + DJ) / 2 + PE
    Total System Jitter     (TSJ):    0.050ns
    Total Input Jitter      (TIJ):    0.000ns
    Discrete Jitter          (DJ):    0.000ns
    Phase Error              (PE):    0.000ns

    Location             Delay type                Incr(ns)  Path(ns)    Netlist Resource(s)
  -------------------------------------------------------------------    -------------------
    U16                                               0.000     0.000 f  A[3] (IN)
                         net (fo=0)                   0.000     0.000    A[3]
    U16                  IBUF (Prop_ibuf_I_O)         0.784     0.784 f  A_IBUF[3]_inst/O
                         net (fo=319, routed)        10.992    11.776    CC/GSM/A_IBUF[3]
    SLICE_X64Y81         LUT2 (Prop_lut2_I0_O)        0.100    11.876 r  CC/GSM/dirty_bit[0][0]_i_4/O
                         net (fo=263, routed)         9.358    21.234    CC/GSM/A[3]_8
    SLICE_X44Y49         LUT4 (Prop_lut4_I2_O)        0.234    21.468 r  CC/GSM/data_out_OBUF[7]_inst_i_45/O
                         net (fo=1, routed)           0.414    21.882    CC/GSM/data_out_OBUF[7]_inst_i_45_n_0
    SLICE_X43Y52         LUT5 (Prop_lut5_I4_O)        0.097    21.979 f  CC/GSM/data_out_OBUF[7]_inst_i_14/O
                         net (fo=1, routed)           0.955    22.934    CC/GSM/data_out_OBUF[7]_inst_i_14_n_0
    SLICE_X39Y56         LUT6 (Prop_lut6_I1_O)        0.097    23.031 r  CC/GSM/data_out_OBUF[7]_inst_i_4/O
                         net (fo=69, routed)          0.546    23.577    CC/GSM/A[6]_12
    SLICE_X39Y52         LUT3 (Prop_lut3_I0_O)        0.097    23.674 r  CC/GSM/cache_mem[1][0][15]_i_3/O
                         net (fo=75, routed)          1.047    24.721    CC/cache_fsm/cache_mem_reg[1][2][8]
    SLICE_X60Y53         LUT4 (Prop_lut4_I3_O)        0.102    24.823 r  CC/cache_fsm/cache_mem[1][18][7]_i_1/O
                         net (fo=8, routed)           0.868    25.691    CC/GSM/cache_mem_reg[1][18][8]_0[0]
    SLICE_X63Y38         FDCE                                         r  CC/GSM/cache_mem_reg[1][18][6]/CE
  -------------------------------------------------------------------    -------------------

                         (clock clk rise edge)        0.000     0.000 r  
    M18                                               0.000     0.000 r  clk (IN)
                         net (fo=0)                   0.000     0.000    clk
    M18                  IBUF (Prop_ibuf_I_O)         0.656     0.656 r  clk_IBUF_inst/O
                         net (fo=1, routed)           1.421     2.077    clk_IBUF
    BUFGCTRL_X0Y0        BUFG (Prop_bufg_I_O)         0.072     2.149 r  clk_IBUF_BUFG_inst/O
                         net (fo=9867, routed)        1.201     3.350    CC/GSM/clk_IBUF_BUFG
    SLICE_X63Y38         FDCE                                         r  CC/GSM/cache_mem_reg[1][18][6]/C

Slack:                    inf
  Source:                 A[3]
                            (input port)
  Destination:            CC/GSM/cache_mem_reg[1][63][1]/CE
                            (rising edge-triggered cell FDCE clocked by clk  {rise@0.000ns fall@5.000ns period=10.000ns})
  Path Group:             (none)
  Path Type:              Setup (Max at Slow Process Corner)
  Data Path Delay:        25.667ns  (logic 1.506ns (5.868%)  route 24.161ns (94.132%))
  Logic Levels:           7  (IBUF=1 LUT2=1 LUT3=1 LUT4=1 LUT5=1 LUT6=2)
  Clock Path Skew:        3.292ns (DCD - SCD + CPR)
    Destination Clock Delay (DCD):    3.292ns
    Source Clock Delay      (SCD):    0.000ns
    Clock Pessimism Removal (CPR):    0.000ns
  Clock Uncertainty:      0.025ns  ((TSJ^2 + TIJ^2)^1/2 + DJ) / 2 + PE
    Total System Jitter     (TSJ):    0.050ns
    Total Input Jitter      (TIJ):    0.000ns
    Discrete Jitter          (DJ):    0.000ns
    Phase Error              (PE):    0.000ns

    Location             Delay type                Incr(ns)  Path(ns)    Netlist Resource(s)
  -------------------------------------------------------------------    -------------------
    U16                                               0.000     0.000 f  A[3] (IN)
                         net (fo=0)                   0.000     0.000    A[3]
    U16                  IBUF (Prop_ibuf_I_O)         0.784     0.784 f  A_IBUF[3]_inst/O
                         net (fo=319, routed)        10.992    11.776    CC/GSM/A_IBUF[3]
    SLICE_X64Y81         LUT2 (Prop_lut2_I0_O)        0.100    11.876 r  CC/GSM/dirty_bit[0][0]_i_4/O
                         net (fo=263, routed)         9.358    21.234    CC/GSM/A[3]_8
    SLICE_X44Y49         LUT4 (Prop_lut4_I2_O)        0.234    21.468 r  CC/GSM/data_out_OBUF[7]_inst_i_45/O
                         net (fo=1, routed)           0.414    21.882    CC/GSM/data_out_OBUF[7]_inst_i_45_n_0
    SLICE_X43Y52         LUT5 (Prop_lut5_I4_O)        0.097    21.979 f  CC/GSM/data_out_OBUF[7]_inst_i_14/O
                         net (fo=1, routed)           0.955    22.934    CC/GSM/data_out_OBUF[7]_inst_i_14_n_0
    SLICE_X39Y56         LUT6 (Prop_lut6_I1_O)        0.097    23.031 r  CC/GSM/data_out_OBUF[7]_inst_i_4/O
                         net (fo=69, routed)          0.546    23.577    CC/GSM/A[6]_12
    SLICE_X39Y52         LUT3 (Prop_lut3_I0_O)        0.097    23.674 r  CC/GSM/cache_mem[1][0][15]_i_3/O
                         net (fo=75, routed)          1.001    24.674    CC/GSM/FSM_onehot_state_reg[4]_0
    SLICE_X57Y52         LUT6 (Prop_lut6_I5_O)        0.097    24.771 r  CC/GSM/cache_mem[1][63][7]_i_1/O
                         net (fo=8, routed)           0.896    25.667    CC/GSM/cache_mem[1][63][7]_i_1_n_0
    SLICE_X55Y43         FDCE                                         r  CC/GSM/cache_mem_reg[1][63][1]/CE
  -------------------------------------------------------------------    -------------------

                         (clock clk rise edge)        0.000     0.000 r  
    M18                                               0.000     0.000 r  clk (IN)
                         net (fo=0)                   0.000     0.000    clk
    M18                  IBUF (Prop_ibuf_I_O)         0.656     0.656 r  clk_IBUF_inst/O
                         net (fo=1, routed)           1.421     2.077    clk_IBUF
    BUFGCTRL_X0Y0        BUFG (Prop_bufg_I_O)         0.072     2.149 r  clk_IBUF_BUFG_inst/O
                         net (fo=9867, routed)        1.143     3.292    CC/GSM/clk_IBUF_BUFG
    SLICE_X55Y43         FDCE                                         r  CC/GSM/cache_mem_reg[1][63][1]/C

Slack:                    inf
  Source:                 A[3]
                            (input port)
  Destination:            CC/GSM/cache_mem_reg[1][16][0]/CE
                            (rising edge-triggered cell FDCE clocked by clk  {rise@0.000ns fall@5.000ns period=10.000ns})
  Path Group:             (none)
  Path Type:              Setup (Max at Slow Process Corner)
  Data Path Delay:        25.665ns  (logic 1.514ns (5.899%)  route 24.151ns (94.101%))
  Logic Levels:           7  (IBUF=1 LUT2=1 LUT3=2 LUT4=1 LUT5=1 LUT6=1)
  Clock Path Skew:        3.349ns (DCD - SCD + CPR)
    Destination Clock Delay (DCD):    3.349ns
    Source Clock Delay      (SCD):    0.000ns
    Clock Pessimism Removal (CPR):    0.000ns
  Clock Uncertainty:      0.025ns  ((TSJ^2 + TIJ^2)^1/2 + DJ) / 2 + PE
    Total System Jitter     (TSJ):    0.050ns
    Total Input Jitter      (TIJ):    0.000ns
    Discrete Jitter          (DJ):    0.000ns
    Phase Error              (PE):    0.000ns

    Location             Delay type                Incr(ns)  Path(ns)    Netlist Resource(s)
  -------------------------------------------------------------------    -------------------
    U16                                               0.000     0.000 f  A[3] (IN)
                         net (fo=0)                   0.000     0.000    A[3]
    U16                  IBUF (Prop_ibuf_I_O)         0.784     0.784 f  A_IBUF[3]_inst/O
                         net (fo=319, routed)        10.992    11.776    CC/GSM/A_IBUF[3]
    SLICE_X64Y81         LUT2 (Prop_lut2_I0_O)        0.100    11.876 r  CC/GSM/dirty_bit[0][0]_i_4/O
                         net (fo=263, routed)         9.358    21.234    CC/GSM/A[3]_8
    SLICE_X44Y49         LUT4 (Prop_lut4_I2_O)        0.234    21.468 r  CC/GSM/data_out_OBUF[7]_inst_i_45/O
                         net (fo=1, routed)           0.414    21.882    CC/GSM/data_out_OBUF[7]_inst_i_45_n_0
    SLICE_X43Y52         LUT5 (Prop_lut5_I4_O)        0.097    21.979 f  CC/GSM/data_out_OBUF[7]_inst_i_14/O
                         net (fo=1, routed)           0.955    22.934    CC/GSM/data_out_OBUF[7]_inst_i_14_n_0
    SLICE_X39Y56         LUT6 (Prop_lut6_I1_O)        0.097    23.031 r  CC/GSM/data_out_OBUF[7]_inst_i_4/O
                         net (fo=69, routed)          0.546    23.577    CC/GSM/A[6]_12
    SLICE_X39Y52         LUT3 (Prop_lut3_I0_O)        0.097    23.674 r  CC/GSM/cache_mem[1][0][15]_i_3/O
                         net (fo=75, routed)          1.072    24.746    CC/GSM/FSM_onehot_state_reg[4]_0
    SLICE_X59Y55         LUT3 (Prop_lut3_I2_O)        0.105    24.851 r  CC/GSM/cache_mem[1][16][7]_i_1/O
                         net (fo=8, routed)           0.815    25.665    CC/GSM/cache_mem[1][16][7]_i_1_n_0
    SLICE_X61Y40         FDCE                                         r  CC/GSM/cache_mem_reg[1][16][0]/CE
  -------------------------------------------------------------------    -------------------

                         (clock clk rise edge)        0.000     0.000 r  
    M18                                               0.000     0.000 r  clk (IN)
                         net (fo=0)                   0.000     0.000    clk
    M18                  IBUF (Prop_ibuf_I_O)         0.656     0.656 r  clk_IBUF_inst/O
                         net (fo=1, routed)           1.421     2.077    clk_IBUF
    BUFGCTRL_X0Y0        BUFG (Prop_bufg_I_O)         0.072     2.149 r  clk_IBUF_BUFG_inst/O
                         net (fo=9867, routed)        1.200     3.349    CC/GSM/clk_IBUF_BUFG
    SLICE_X61Y40         FDCE                                         r  CC/GSM/cache_mem_reg[1][16][0]/C

Slack:                    inf
  Source:                 A[3]
                            (input port)
  Destination:            CC/GSM/cache_mem_reg[1][16][4]/CE
                            (rising edge-triggered cell FDCE clocked by clk  {rise@0.000ns fall@5.000ns period=10.000ns})
  Path Group:             (none)
  Path Type:              Setup (Max at Slow Process Corner)
  Data Path Delay:        25.665ns  (logic 1.514ns (5.899%)  route 24.151ns (94.101%))
  Logic Levels:           7  (IBUF=1 LUT2=1 LUT3=2 LUT4=1 LUT5=1 LUT6=1)
  Clock Path Skew:        3.349ns (DCD - SCD + CPR)
    Destination Clock Delay (DCD):    3.349ns
    Source Clock Delay      (SCD):    0.000ns
    Clock Pessimism Removal (CPR):    0.000ns
  Clock Uncertainty:      0.025ns  ((TSJ^2 + TIJ^2)^1/2 + DJ) / 2 + PE
    Total System Jitter     (TSJ):    0.050ns
    Total Input Jitter      (TIJ):    0.000ns
    Discrete Jitter          (DJ):    0.000ns
    Phase Error              (PE):    0.000ns

    Location             Delay type                Incr(ns)  Path(ns)    Netlist Resource(s)
  -------------------------------------------------------------------    -------------------
    U16                                               0.000     0.000 f  A[3] (IN)
                         net (fo=0)                   0.000     0.000    A[3]
    U16                  IBUF (Prop_ibuf_I_O)         0.784     0.784 f  A_IBUF[3]_inst/O
                         net (fo=319, routed)        10.992    11.776    CC/GSM/A_IBUF[3]
    SLICE_X64Y81         LUT2 (Prop_lut2_I0_O)        0.100    11.876 r  CC/GSM/dirty_bit[0][0]_i_4/O
                         net (fo=263, routed)         9.358    21.234    CC/GSM/A[3]_8
    SLICE_X44Y49         LUT4 (Prop_lut4_I2_O)        0.234    21.468 r  CC/GSM/data_out_OBUF[7]_inst_i_45/O
                         net (fo=1, routed)           0.414    21.882    CC/GSM/data_out_OBUF[7]_inst_i_45_n_0
    SLICE_X43Y52         LUT5 (Prop_lut5_I4_O)        0.097    21.979 f  CC/GSM/data_out_OBUF[7]_inst_i_14/O
                         net (fo=1, routed)           0.955    22.934    CC/GSM/data_out_OBUF[7]_inst_i_14_n_0
    SLICE_X39Y56         LUT6 (Prop_lut6_I1_O)        0.097    23.031 r  CC/GSM/data_out_OBUF[7]_inst_i_4/O
                         net (fo=69, routed)          0.546    23.577    CC/GSM/A[6]_12
    SLICE_X39Y52         LUT3 (Prop_lut3_I0_O)        0.097    23.674 r  CC/GSM/cache_mem[1][0][15]_i_3/O
                         net (fo=75, routed)          1.072    24.746    CC/GSM/FSM_onehot_state_reg[4]_0
    SLICE_X59Y55         LUT3 (Prop_lut3_I2_O)        0.105    24.851 r  CC/GSM/cache_mem[1][16][7]_i_1/O
                         net (fo=8, routed)           0.815    25.665    CC/GSM/cache_mem[1][16][7]_i_1_n_0
    SLICE_X61Y40         FDCE                                         r  CC/GSM/cache_mem_reg[1][16][4]/CE
  -------------------------------------------------------------------    -------------------

                         (clock clk rise edge)        0.000     0.000 r  
    M18                                               0.000     0.000 r  clk (IN)
                         net (fo=0)                   0.000     0.000    clk
    M18                  IBUF (Prop_ibuf_I_O)         0.656     0.656 r  clk_IBUF_inst/O
                         net (fo=1, routed)           1.421     2.077    clk_IBUF
    BUFGCTRL_X0Y0        BUFG (Prop_bufg_I_O)         0.072     2.149 r  clk_IBUF_BUFG_inst/O
                         net (fo=9867, routed)        1.200     3.349    CC/GSM/clk_IBUF_BUFG
    SLICE_X61Y40         FDCE                                         r  CC/GSM/cache_mem_reg[1][16][4]/C

Slack:                    inf
  Source:                 A[3]
                            (input port)
  Destination:            CC/GSM/cache_mem_reg[1][16][6]/CE
                            (rising edge-triggered cell FDCE clocked by clk  {rise@0.000ns fall@5.000ns period=10.000ns})
  Path Group:             (none)
  Path Type:              Setup (Max at Slow Process Corner)
  Data Path Delay:        25.665ns  (logic 1.514ns (5.899%)  route 24.151ns (94.101%))
  Logic Levels:           7  (IBUF=1 LUT2=1 LUT3=2 LUT4=1 LUT5=1 LUT6=1)
  Clock Path Skew:        3.349ns (DCD - SCD + CPR)
    Destination Clock Delay (DCD):    3.349ns
    Source Clock Delay      (SCD):    0.000ns
    Clock Pessimism Removal (CPR):    0.000ns
  Clock Uncertainty:      0.025ns  ((TSJ^2 + TIJ^2)^1/2 + DJ) / 2 + PE
    Total System Jitter     (TSJ):    0.050ns
    Total Input Jitter      (TIJ):    0.000ns
    Discrete Jitter          (DJ):    0.000ns
    Phase Error              (PE):    0.000ns

    Location             Delay type                Incr(ns)  Path(ns)    Netlist Resource(s)
  -------------------------------------------------------------------    -------------------
    U16                                               0.000     0.000 f  A[3] (IN)
                         net (fo=0)                   0.000     0.000    A[3]
    U16                  IBUF (Prop_ibuf_I_O)         0.784     0.784 f  A_IBUF[3]_inst/O
                         net (fo=319, routed)        10.992    11.776    CC/GSM/A_IBUF[3]
    SLICE_X64Y81         LUT2 (Prop_lut2_I0_O)        0.100    11.876 r  CC/GSM/dirty_bit[0][0]_i_4/O
                         net (fo=263, routed)         9.358    21.234    CC/GSM/A[3]_8
    SLICE_X44Y49         LUT4 (Prop_lut4_I2_O)        0.234    21.468 r  CC/GSM/data_out_OBUF[7]_inst_i_45/O
                         net (fo=1, routed)           0.414    21.882    CC/GSM/data_out_OBUF[7]_inst_i_45_n_0
    SLICE_X43Y52         LUT5 (Prop_lut5_I4_O)        0.097    21.979 f  CC/GSM/data_out_OBUF[7]_inst_i_14/O
                         net (fo=1, routed)           0.955    22.934    CC/GSM/data_out_OBUF[7]_inst_i_14_n_0
    SLICE_X39Y56         LUT6 (Prop_lut6_I1_O)        0.097    23.031 r  CC/GSM/data_out_OBUF[7]_inst_i_4/O
                         net (fo=69, routed)          0.546    23.577    CC/GSM/A[6]_12
    SLICE_X39Y52         LUT3 (Prop_lut3_I0_O)        0.097    23.674 r  CC/GSM/cache_mem[1][0][15]_i_3/O
                         net (fo=75, routed)          1.072    24.746    CC/GSM/FSM_onehot_state_reg[4]_0
    SLICE_X59Y55         LUT3 (Prop_lut3_I2_O)        0.105    24.851 r  CC/GSM/cache_mem[1][16][7]_i_1/O
                         net (fo=8, routed)           0.815    25.665    CC/GSM/cache_mem[1][16][7]_i_1_n_0
    SLICE_X61Y40         FDCE                                         r  CC/GSM/cache_mem_reg[1][16][6]/CE
  -------------------------------------------------------------------    -------------------

                         (clock clk rise edge)        0.000     0.000 r  
    M18                                               0.000     0.000 r  clk (IN)
                         net (fo=0)                   0.000     0.000    clk
    M18                  IBUF (Prop_ibuf_I_O)         0.656     0.656 r  clk_IBUF_inst/O
                         net (fo=1, routed)           1.421     2.077    clk_IBUF
    BUFGCTRL_X0Y0        BUFG (Prop_bufg_I_O)         0.072     2.149 r  clk_IBUF_BUFG_inst/O
                         net (fo=9867, routed)        1.200     3.349    CC/GSM/clk_IBUF_BUFG
    SLICE_X61Y40         FDCE                                         r  CC/GSM/cache_mem_reg[1][16][6]/C

Slack:                    inf
  Source:                 A[3]
                            (input port)
  Destination:            CC/GSM/cache_mem_reg[1][16][7]/CE
                            (rising edge-triggered cell FDCE clocked by clk  {rise@0.000ns fall@5.000ns period=10.000ns})
  Path Group:             (none)
  Path Type:              Setup (Max at Slow Process Corner)
  Data Path Delay:        25.646ns  (logic 1.514ns (5.904%)  route 24.132ns (94.096%))
  Logic Levels:           7  (IBUF=1 LUT2=1 LUT3=2 LUT4=1 LUT5=1 LUT6=1)
  Clock Path Skew:        3.291ns (DCD - SCD + CPR)
    Destination Clock Delay (DCD):    3.291ns
    Source Clock Delay      (SCD):    0.000ns
    Clock Pessimism Removal (CPR):    0.000ns
  Clock Uncertainty:      0.025ns  ((TSJ^2 + TIJ^2)^1/2 + DJ) / 2 + PE
    Total System Jitter     (TSJ):    0.050ns
    Total Input Jitter      (TIJ):    0.000ns
    Discrete Jitter          (DJ):    0.000ns
    Phase Error              (PE):    0.000ns

    Location             Delay type                Incr(ns)  Path(ns)    Netlist Resource(s)
  -------------------------------------------------------------------    -------------------
    U16                                               0.000     0.000 f  A[3] (IN)
                         net (fo=0)                   0.000     0.000    A[3]
    U16                  IBUF (Prop_ibuf_I_O)         0.784     0.784 f  A_IBUF[3]_inst/O
                         net (fo=319, routed)        10.992    11.776    CC/GSM/A_IBUF[3]
    SLICE_X64Y81         LUT2 (Prop_lut2_I0_O)        0.100    11.876 r  CC/GSM/dirty_bit[0][0]_i_4/O
                         net (fo=263, routed)         9.358    21.234    CC/GSM/A[3]_8
    SLICE_X44Y49         LUT4 (Prop_lut4_I2_O)        0.234    21.468 r  CC/GSM/data_out_OBUF[7]_inst_i_45/O
                         net (fo=1, routed)           0.414    21.882    CC/GSM/data_out_OBUF[7]_inst_i_45_n_0
    SLICE_X43Y52         LUT5 (Prop_lut5_I4_O)        0.097    21.979 f  CC/GSM/data_out_OBUF[7]_inst_i_14/O
                         net (fo=1, routed)           0.955    22.934    CC/GSM/data_out_OBUF[7]_inst_i_14_n_0
    SLICE_X39Y56         LUT6 (Prop_lut6_I1_O)        0.097    23.031 r  CC/GSM/data_out_OBUF[7]_inst_i_4/O
                         net (fo=69, routed)          0.546    23.577    CC/GSM/A[6]_12
    SLICE_X39Y52         LUT3 (Prop_lut3_I0_O)        0.097    23.674 r  CC/GSM/cache_mem[1][0][15]_i_3/O
                         net (fo=75, routed)          1.072    24.746    CC/GSM/FSM_onehot_state_reg[4]_0
    SLICE_X59Y55         LUT3 (Prop_lut3_I2_O)        0.105    24.851 r  CC/GSM/cache_mem[1][16][7]_i_1/O
                         net (fo=8, routed)           0.796    25.646    CC/GSM/cache_mem[1][16][7]_i_1_n_0
    SLICE_X53Y43         FDCE                                         r  CC/GSM/cache_mem_reg[1][16][7]/CE
  -------------------------------------------------------------------    -------------------

                         (clock clk rise edge)        0.000     0.000 r  
    M18                                               0.000     0.000 r  clk (IN)
                         net (fo=0)                   0.000     0.000    clk
    M18                  IBUF (Prop_ibuf_I_O)         0.656     0.656 r  clk_IBUF_inst/O
                         net (fo=1, routed)           1.421     2.077    clk_IBUF
    BUFGCTRL_X0Y0        BUFG (Prop_bufg_I_O)         0.072     2.149 r  clk_IBUF_BUFG_inst/O
                         net (fo=9867, routed)        1.142     3.291    CC/GSM/clk_IBUF_BUFG
    SLICE_X53Y43         FDCE                                         r  CC/GSM/cache_mem_reg[1][16][7]/C

Slack:                    inf
  Source:                 A[3]
                            (input port)
  Destination:            CC/GSM/cache_mem_reg[1][16][1]/CE
                            (rising edge-triggered cell FDCE clocked by clk  {rise@0.000ns fall@5.000ns period=10.000ns})
  Path Group:             (none)
  Path Type:              Setup (Max at Slow Process Corner)
  Data Path Delay:        25.644ns  (logic 1.514ns (5.904%)  route 24.130ns (94.096%))
  Logic Levels:           7  (IBUF=1 LUT2=1 LUT3=2 LUT4=1 LUT5=1 LUT6=1)
  Clock Path Skew:        3.289ns (DCD - SCD + CPR)
    Destination Clock Delay (DCD):    3.289ns
    Source Clock Delay      (SCD):    0.000ns
    Clock Pessimism Removal (CPR):    0.000ns
  Clock Uncertainty:      0.025ns  ((TSJ^2 + TIJ^2)^1/2 + DJ) / 2 + PE
    Total System Jitter     (TSJ):    0.050ns
    Total Input Jitter      (TIJ):    0.000ns
    Discrete Jitter          (DJ):    0.000ns
    Phase Error              (PE):    0.000ns

    Location             Delay type                Incr(ns)  Path(ns)    Netlist Resource(s)
  -------------------------------------------------------------------    -------------------
    U16                                               0.000     0.000 f  A[3] (IN)
                         net (fo=0)                   0.000     0.000    A[3]
    U16                  IBUF (Prop_ibuf_I_O)         0.784     0.784 f  A_IBUF[3]_inst/O
                         net (fo=319, routed)        10.992    11.776    CC/GSM/A_IBUF[3]
    SLICE_X64Y81         LUT2 (Prop_lut2_I0_O)        0.100    11.876 r  CC/GSM/dirty_bit[0][0]_i_4/O
                         net (fo=263, routed)         9.358    21.234    CC/GSM/A[3]_8
    SLICE_X44Y49         LUT4 (Prop_lut4_I2_O)        0.234    21.468 r  CC/GSM/data_out_OBUF[7]_inst_i_45/O
                         net (fo=1, routed)           0.414    21.882    CC/GSM/data_out_OBUF[7]_inst_i_45_n_0
    SLICE_X43Y52         LUT5 (Prop_lut5_I4_O)        0.097    21.979 f  CC/GSM/data_out_OBUF[7]_inst_i_14/O
                         net (fo=1, routed)           0.955    22.934    CC/GSM/data_out_OBUF[7]_inst_i_14_n_0
    SLICE_X39Y56         LUT6 (Prop_lut6_I1_O)        0.097    23.031 r  CC/GSM/data_out_OBUF[7]_inst_i_4/O
                         net (fo=69, routed)          0.546    23.577    CC/GSM/A[6]_12
    SLICE_X39Y52         LUT3 (Prop_lut3_I0_O)        0.097    23.674 r  CC/GSM/cache_mem[1][0][15]_i_3/O
                         net (fo=75, routed)          1.072    24.746    CC/GSM/FSM_onehot_state_reg[4]_0
    SLICE_X59Y55         LUT3 (Prop_lut3_I2_O)        0.105    24.851 r  CC/GSM/cache_mem[1][16][7]_i_1/O
                         net (fo=8, routed)           0.794    25.644    CC/GSM/cache_mem[1][16][7]_i_1_n_0
    SLICE_X57Y37         FDCE                                         r  CC/GSM/cache_mem_reg[1][16][1]/CE
  -------------------------------------------------------------------    -------------------

                         (clock clk rise edge)        0.000     0.000 r  
    M18                                               0.000     0.000 r  clk (IN)
                         net (fo=0)                   0.000     0.000    clk
    M18                  IBUF (Prop_ibuf_I_O)         0.656     0.656 r  clk_IBUF_inst/O
                         net (fo=1, routed)           1.421     2.077    clk_IBUF
    BUFGCTRL_X0Y0        BUFG (Prop_bufg_I_O)         0.072     2.149 r  clk_IBUF_BUFG_inst/O
                         net (fo=9867, routed)        1.140     3.289    CC/GSM/clk_IBUF_BUFG
    SLICE_X57Y37         FDCE                                         r  CC/GSM/cache_mem_reg[1][16][1]/C

Slack:                    inf
  Source:                 A[3]
                            (input port)
  Destination:            CC/GSM/cache_mem_reg[1][16][2]/CE
                            (rising edge-triggered cell FDCE clocked by clk  {rise@0.000ns fall@5.000ns period=10.000ns})
  Path Group:             (none)
  Path Type:              Setup (Max at Slow Process Corner)
  Data Path Delay:        25.644ns  (logic 1.514ns (5.904%)  route 24.130ns (94.096%))
  Logic Levels:           7  (IBUF=1 LUT2=1 LUT3=2 LUT4=1 LUT5=1 LUT6=1)
  Clock Path Skew:        3.289ns (DCD - SCD + CPR)
    Destination Clock Delay (DCD):    3.289ns
    Source Clock Delay      (SCD):    0.000ns
    Clock Pessimism Removal (CPR):    0.000ns
  Clock Uncertainty:      0.025ns  ((TSJ^2 + TIJ^2)^1/2 + DJ) / 2 + PE
    Total System Jitter     (TSJ):    0.050ns
    Total Input Jitter      (TIJ):    0.000ns
    Discrete Jitter          (DJ):    0.000ns
    Phase Error              (PE):    0.000ns

    Location             Delay type                Incr(ns)  Path(ns)    Netlist Resource(s)
  -------------------------------------------------------------------    -------------------
    U16                                               0.000     0.000 f  A[3] (IN)
                         net (fo=0)                   0.000     0.000    A[3]
    U16                  IBUF (Prop_ibuf_I_O)         0.784     0.784 f  A_IBUF[3]_inst/O
                         net (fo=319, routed)        10.992    11.776    CC/GSM/A_IBUF[3]
    SLICE_X64Y81         LUT2 (Prop_lut2_I0_O)        0.100    11.876 r  CC/GSM/dirty_bit[0][0]_i_4/O
                         net (fo=263, routed)         9.358    21.234    CC/GSM/A[3]_8
    SLICE_X44Y49         LUT4 (Prop_lut4_I2_O)        0.234    21.468 r  CC/GSM/data_out_OBUF[7]_inst_i_45/O
                         net (fo=1, routed)           0.414    21.882    CC/GSM/data_out_OBUF[7]_inst_i_45_n_0
    SLICE_X43Y52         LUT5 (Prop_lut5_I4_O)        0.097    21.979 f  CC/GSM/data_out_OBUF[7]_inst_i_14/O
                         net (fo=1, routed)           0.955    22.934    CC/GSM/data_out_OBUF[7]_inst_i_14_n_0
    SLICE_X39Y56         LUT6 (Prop_lut6_I1_O)        0.097    23.031 r  CC/GSM/data_out_OBUF[7]_inst_i_4/O
                         net (fo=69, routed)          0.546    23.577    CC/GSM/A[6]_12
    SLICE_X39Y52         LUT3 (Prop_lut3_I0_O)        0.097    23.674 r  CC/GSM/cache_mem[1][0][15]_i_3/O
                         net (fo=75, routed)          1.072    24.746    CC/GSM/FSM_onehot_state_reg[4]_0
    SLICE_X59Y55         LUT3 (Prop_lut3_I2_O)        0.105    24.851 r  CC/GSM/cache_mem[1][16][7]_i_1/O
                         net (fo=8, routed)           0.794    25.644    CC/GSM/cache_mem[1][16][7]_i_1_n_0
    SLICE_X57Y37         FDCE                                         r  CC/GSM/cache_mem_reg[1][16][2]/CE
  -------------------------------------------------------------------    -------------------

                         (clock clk rise edge)        0.000     0.000 r  
    M18                                               0.000     0.000 r  clk (IN)
                         net (fo=0)                   0.000     0.000    clk
    M18                  IBUF (Prop_ibuf_I_O)         0.656     0.656 r  clk_IBUF_inst/O
                         net (fo=1, routed)           1.421     2.077    clk_IBUF
    BUFGCTRL_X0Y0        BUFG (Prop_bufg_I_O)         0.072     2.149 r  clk_IBUF_BUFG_inst/O
                         net (fo=9867, routed)        1.140     3.289    CC/GSM/clk_IBUF_BUFG
    SLICE_X57Y37         FDCE                                         r  CC/GSM/cache_mem_reg[1][16][2]/C

Slack:                    inf
  Source:                 A[3]
                            (input port)
  Destination:            CC/GSM/cache_mem_reg[1][16][3]/CE
                            (rising edge-triggered cell FDCE clocked by clk  {rise@0.000ns fall@5.000ns period=10.000ns})
  Path Group:             (none)
  Path Type:              Setup (Max at Slow Process Corner)
  Data Path Delay:        25.644ns  (logic 1.514ns (5.904%)  route 24.130ns (94.096%))
  Logic Levels:           7  (IBUF=1 LUT2=1 LUT3=2 LUT4=1 LUT5=1 LUT6=1)
  Clock Path Skew:        3.289ns (DCD - SCD + CPR)
    Destination Clock Delay (DCD):    3.289ns
    Source Clock Delay      (SCD):    0.000ns
    Clock Pessimism Removal (CPR):    0.000ns
  Clock Uncertainty:      0.025ns  ((TSJ^2 + TIJ^2)^1/2 + DJ) / 2 + PE
    Total System Jitter     (TSJ):    0.050ns
    Total Input Jitter      (TIJ):    0.000ns
    Discrete Jitter          (DJ):    0.000ns
    Phase Error              (PE):    0.000ns

    Location             Delay type                Incr(ns)  Path(ns)    Netlist Resource(s)
  -------------------------------------------------------------------    -------------------
    U16                                               0.000     0.000 f  A[3] (IN)
                         net (fo=0)                   0.000     0.000    A[3]
    U16                  IBUF (Prop_ibuf_I_O)         0.784     0.784 f  A_IBUF[3]_inst/O
                         net (fo=319, routed)        10.992    11.776    CC/GSM/A_IBUF[3]
    SLICE_X64Y81         LUT2 (Prop_lut2_I0_O)        0.100    11.876 r  CC/GSM/dirty_bit[0][0]_i_4/O
                         net (fo=263, routed)         9.358    21.234    CC/GSM/A[3]_8
    SLICE_X44Y49         LUT4 (Prop_lut4_I2_O)        0.234    21.468 r  CC/GSM/data_out_OBUF[7]_inst_i_45/O
                         net (fo=1, routed)           0.414    21.882    CC/GSM/data_out_OBUF[7]_inst_i_45_n_0
    SLICE_X43Y52         LUT5 (Prop_lut5_I4_O)        0.097    21.979 f  CC/GSM/data_out_OBUF[7]_inst_i_14/O
                         net (fo=1, routed)           0.955    22.934    CC/GSM/data_out_OBUF[7]_inst_i_14_n_0
    SLICE_X39Y56         LUT6 (Prop_lut6_I1_O)        0.097    23.031 r  CC/GSM/data_out_OBUF[7]_inst_i_4/O
                         net (fo=69, routed)          0.546    23.577    CC/GSM/A[6]_12
    SLICE_X39Y52         LUT3 (Prop_lut3_I0_O)        0.097    23.674 r  CC/GSM/cache_mem[1][0][15]_i_3/O
                         net (fo=75, routed)          1.072    24.746    CC/GSM/FSM_onehot_state_reg[4]_0
    SLICE_X59Y55         LUT3 (Prop_lut3_I2_O)        0.105    24.851 r  CC/GSM/cache_mem[1][16][7]_i_1/O
                         net (fo=8, routed)           0.794    25.644    CC/GSM/cache_mem[1][16][7]_i_1_n_0
    SLICE_X57Y37         FDCE                                         r  CC/GSM/cache_mem_reg[1][16][3]/CE
  -------------------------------------------------------------------    -------------------

                         (clock clk rise edge)        0.000     0.000 r  
    M18                                               0.000     0.000 r  clk (IN)
                         net (fo=0)                   0.000     0.000    clk
    M18                  IBUF (Prop_ibuf_I_O)         0.656     0.656 r  clk_IBUF_inst/O
                         net (fo=1, routed)           1.421     2.077    clk_IBUF
    BUFGCTRL_X0Y0        BUFG (Prop_bufg_I_O)         0.072     2.149 r  clk_IBUF_BUFG_inst/O
                         net (fo=9867, routed)        1.140     3.289    CC/GSM/clk_IBUF_BUFG
    SLICE_X57Y37         FDCE                                         r  CC/GSM/cache_mem_reg[1][16][3]/C





Min Delay Paths
--------------------------------------------------------------------------------------
Slack:                    inf
  Source:                 cpu_data[3]
                            (input port)
  Destination:            CC/PBUF/pending_data_reg[3]/D
                            (rising edge-triggered cell FDCE clocked by clk  {rise@0.000ns fall@5.000ns period=10.000ns})
  Path Group:             (none)
  Path Type:              Hold (Min at Fast Process Corner)
  Data Path Delay:        0.964ns  (logic 0.180ns (18.678%)  route 0.784ns (81.322%))
  Logic Levels:           1  (IBUF=1)
  Clock Path Skew:        1.901ns (DCD - SCD - CPR)
    Destination Clock Delay (DCD):    1.901ns
    Source Clock Delay      (SCD):    0.000ns
    Clock Pessimism Removal (CPR):    -0.000ns

    Location             Delay type                Incr(ns)  Path(ns)    Netlist Resource(s)
  -------------------------------------------------------------------    -------------------
    J17                                               0.000     0.000 r  cpu_data[3] (IN)
                         net (fo=0)                   0.000     0.000    cpu_data[3]
    J17                  IBUF (Prop_ibuf_I_O)         0.180     0.180 r  cpu_data_IBUF[3]_inst/O
                         net (fo=3, routed)           0.784     0.964    CC/PBUF/data_in[3]
    SLICE_X37Y37         FDCE                                         r  CC/PBUF/pending_data_reg[3]/D
  -------------------------------------------------------------------    -------------------

                         (clock clk rise edge)        0.000     0.000 r  
    M18                                               0.000     0.000 r  clk (IN)
                         net (fo=0)                   0.000     0.000    clk
    M18                  IBUF (Prop_ibuf_I_O)         0.356     0.356 r  clk_IBUF_inst/O
                         net (fo=1, routed)           0.689     1.044    clk_IBUF
    BUFGCTRL_X0Y0        BUFG (Prop_bufg_I_O)         0.029     1.073 r  clk_IBUF_BUFG_inst/O
                         net (fo=9867, routed)        0.828     1.901    CC/PBUF/clk_IBUF_BUFG
    SLICE_X37Y37         FDCE                                         r  CC/PBUF/pending_data_reg[3]/C

Slack:                    inf
  Source:                 cpu_data[1]
                            (input port)
  Destination:            CC/PBUF/pending_data_reg[1]/D
                            (rising edge-triggered cell FDCE clocked by clk  {rise@0.000ns fall@5.000ns period=10.000ns})
  Path Group:             (none)
  Path Type:              Hold (Min at Fast Process Corner)
  Data Path Delay:        1.000ns  (logic 0.163ns (16.279%)  route 0.837ns (83.721%))
  Logic Levels:           1  (IBUF=1)
  Clock Path Skew:        1.900ns (DCD - SCD - CPR)
    Destination Clock Delay (DCD):    1.900ns
    Source Clock Delay      (SCD):    0.000ns
    Clock Pessimism Removal (CPR):    -0.000ns

    Location             Delay type                Incr(ns)  Path(ns)    Netlist Resource(s)
  -------------------------------------------------------------------    -------------------
    L18                                               0.000     0.000 r  cpu_data[1] (IN)
                         net (fo=0)                   0.000     0.000    cpu_data[1]
    L18                  IBUF (Prop_ibuf_I_O)         0.163     0.163 r  cpu_data_IBUF[1]_inst/O
                         net (fo=3, routed)           0.837     1.000    CC/PBUF/data_in[1]
    SLICE_X38Y36         FDCE                                         r  CC/PBUF/pending_data_reg[1]/D
  -------------------------------------------------------------------    -------------------

                         (clock clk rise edge)        0.000     0.000 r  
    M18                                               0.000     0.000 r  clk (IN)
                         net (fo=0)                   0.000     0.000    clk
    M18                  IBUF (Prop_ibuf_I_O)         0.356     0.356 r  clk_IBUF_inst/O
                         net (fo=1, routed)           0.689     1.044    clk_IBUF
    BUFGCTRL_X0Y0        BUFG (Prop_bufg_I_O)         0.029     1.073 r  clk_IBUF_BUFG_inst/O
                         net (fo=9867, routed)        0.827     1.900    CC/PBUF/clk_IBUF_BUFG
    SLICE_X38Y36         FDCE                                         r  CC/PBUF/pending_data_reg[1]/C

Slack:                    inf
  Source:                 cpu_data[2]
                            (input port)
  Destination:            CC/PBUF/pending_data_reg[2]/D
                            (rising edge-triggered cell FDCE clocked by clk  {rise@0.000ns fall@5.000ns period=10.000ns})
  Path Group:             (none)
  Path Type:              Hold (Min at Fast Process Corner)
  Data Path Delay:        1.004ns  (logic 0.184ns (18.319%)  route 0.820ns (81.681%))
  Logic Levels:           1  (IBUF=1)
  Clock Path Skew:        1.900ns (DCD - SCD - CPR)
    Destination Clock Delay (DCD):    1.900ns
    Source Clock Delay      (SCD):    0.000ns
    Clock Pessimism Removal (CPR):    -0.000ns

    Location             Delay type                Incr(ns)  Path(ns)    Netlist Resource(s)
  -------------------------------------------------------------------    -------------------
    J18                                               0.000     0.000 r  cpu_data[2] (IN)
                         net (fo=0)                   0.000     0.000    cpu_data[2]
    J18                  IBUF (Prop_ibuf_I_O)         0.184     0.184 r  cpu_data_IBUF[2]_inst/O
                         net (fo=3, routed)           0.820     1.004    CC/PBUF/data_in[2]
    SLICE_X38Y35         FDCE                                         r  CC/PBUF/pending_data_reg[2]/D
  -------------------------------------------------------------------    -------------------

                         (clock clk rise edge)        0.000     0.000 r  
    M18                                               0.000     0.000 r  clk (IN)
                         net (fo=0)                   0.000     0.000    clk
    M18                  IBUF (Prop_ibuf_I_O)         0.356     0.356 r  clk_IBUF_inst/O
                         net (fo=1, routed)           0.689     1.044    clk_IBUF
    BUFGCTRL_X0Y0        BUFG (Prop_bufg_I_O)         0.029     1.073 r  clk_IBUF_BUFG_inst/O
                         net (fo=9867, routed)        0.827     1.900    CC/PBUF/clk_IBUF_BUFG
    SLICE_X38Y35         FDCE                                         r  CC/PBUF/pending_data_reg[2]/C

Slack:                    inf
  Source:                 cpu_data[6]
                            (input port)
  Destination:            CC/PBUF/pending_data_reg[6]/D
                            (rising edge-triggered cell FDCE clocked by clk  {rise@0.000ns fall@5.000ns period=10.000ns})
  Path Group:             (none)
  Path Type:              Hold (Min at Fast Process Corner)
  Data Path Delay:        1.008ns  (logic 0.188ns (18.671%)  route 0.820ns (81.329%))
  Logic Levels:           1  (IBUF=1)
  Clock Path Skew:        1.903ns (DCD - SCD - CPR)
    Destination Clock Delay (DCD):    1.903ns
    Source Clock Delay      (SCD):    0.000ns
    Clock Pessimism Removal (CPR):    -0.000ns

    Location             Delay type                Incr(ns)  Path(ns)    Netlist Resource(s)
  -------------------------------------------------------------------    -------------------
    G17                                               0.000     0.000 r  cpu_data[6] (IN)
                         net (fo=0)                   0.000     0.000    cpu_data[6]
    G17                  IBUF (Prop_ibuf_I_O)         0.188     0.188 r  cpu_data_IBUF[6]_inst/O
                         net (fo=3, routed)           0.820     1.008    CC/PBUF/data_in[6]
    SLICE_X38Y38         FDCE                                         r  CC/PBUF/pending_data_reg[6]/D
  -------------------------------------------------------------------    -------------------

                         (clock clk rise edge)        0.000     0.000 r  
    M18                                               0.000     0.000 r  clk (IN)
                         net (fo=0)                   0.000     0.000    clk
    M18                  IBUF (Prop_ibuf_I_O)         0.356     0.356 r  clk_IBUF_inst/O
                         net (fo=1, routed)           0.689     1.044    clk_IBUF
    BUFGCTRL_X0Y0        BUFG (Prop_bufg_I_O)         0.029     1.073 r  clk_IBUF_BUFG_inst/O
                         net (fo=9867, routed)        0.830     1.903    CC/PBUF/clk_IBUF_BUFG
    SLICE_X38Y38         FDCE                                         r  CC/PBUF/pending_data_reg[6]/C

Slack:                    inf
  Source:                 cpu_data[7]
                            (input port)
  Destination:            CC/PBUF/pending_data_reg[7]/D
                            (rising edge-triggered cell FDCE clocked by clk  {rise@0.000ns fall@5.000ns period=10.000ns})
  Path Group:             (none)
  Path Type:              Hold (Min at Fast Process Corner)
  Data Path Delay:        1.009ns  (logic 0.165ns (16.333%)  route 0.844ns (83.667%))
  Logic Levels:           1  (IBUF=1)
  Clock Path Skew:        1.903ns (DCD - SCD - CPR)
    Destination Clock Delay (DCD):    1.903ns
    Source Clock Delay      (SCD):    0.000ns
    Clock Pessimism Removal (CPR):    -0.000ns

    Location             Delay type                Incr(ns)  Path(ns)    Netlist Resource(s)
  -------------------------------------------------------------------    -------------------
    H17                                               0.000     0.000 r  cpu_data[7] (IN)
                         net (fo=0)                   0.000     0.000    cpu_data[7]
    H17                  IBUF (Prop_ibuf_I_O)         0.165     0.165 r  cpu_data_IBUF[7]_inst/O
                         net (fo=3, routed)           0.844     1.009    CC/PBUF/data_in[7]
    SLICE_X38Y38         FDCE                                         r  CC/PBUF/pending_data_reg[7]/D
  -------------------------------------------------------------------    -------------------

                         (clock clk rise edge)        0.000     0.000 r  
    M18                                               0.000     0.000 r  clk (IN)
                         net (fo=0)                   0.000     0.000    clk
    M18                  IBUF (Prop_ibuf_I_O)         0.356     0.356 r  clk_IBUF_inst/O
                         net (fo=1, routed)           0.689     1.044    clk_IBUF
    BUFGCTRL_X0Y0        BUFG (Prop_bufg_I_O)         0.029     1.073 r  clk_IBUF_BUFG_inst/O
                         net (fo=9867, routed)        0.830     1.903    CC/PBUF/clk_IBUF_BUFG
    SLICE_X38Y38         FDCE                                         r  CC/PBUF/pending_data_reg[7]/C

Slack:                    inf
  Source:                 cpu_data[5]
                            (input port)
  Destination:            CC/PBUF/pending_data_reg[5]/D
                            (rising edge-triggered cell FDCE clocked by clk  {rise@0.000ns fall@5.000ns period=10.000ns})
  Path Group:             (none)
  Path Type:              Hold (Min at Fast Process Corner)
  Data Path Delay:        1.020ns  (logic 0.169ns (16.580%)  route 0.851ns (83.420%))
  Logic Levels:           1  (IBUF=1)
  Clock Path Skew:        1.901ns (DCD - SCD - CPR)
    Destination Clock Delay (DCD):    1.901ns
    Source Clock Delay      (SCD):    0.000ns
    Clock Pessimism Removal (CPR):    -0.000ns

    Location             Delay type                Incr(ns)  Path(ns)    Netlist Resource(s)
  -------------------------------------------------------------------    -------------------
    K19                                               0.000     0.000 r  cpu_data[5] (IN)
                         net (fo=0)                   0.000     0.000    cpu_data[5]
    K19                  IBUF (Prop_ibuf_I_O)         0.169     0.169 r  cpu_data_IBUF[5]_inst/O
                         net (fo=3, routed)           0.851     1.020    CC/PBUF/data_in[5]
    SLICE_X41Y36         FDCE                                         r  CC/PBUF/pending_data_reg[5]/D
  -------------------------------------------------------------------    -------------------

                         (clock clk rise edge)        0.000     0.000 r  
    M18                                               0.000     0.000 r  clk (IN)
                         net (fo=0)                   0.000     0.000    clk
    M18                  IBUF (Prop_ibuf_I_O)         0.356     0.356 r  clk_IBUF_inst/O
                         net (fo=1, routed)           0.689     1.044    clk_IBUF
    BUFGCTRL_X0Y0        BUFG (Prop_bufg_I_O)         0.029     1.073 r  clk_IBUF_BUFG_inst/O
                         net (fo=9867, routed)        0.828     1.901    CC/PBUF/clk_IBUF_BUFG
    SLICE_X41Y36         FDCE                                         r  CC/PBUF/pending_data_reg[5]/C

Slack:                    inf
  Source:                 cpu_data[4]
                            (input port)
  Destination:            CC/PBUF/pending_data_reg[4]/D
                            (rising edge-triggered cell FDCE clocked by clk  {rise@0.000ns fall@5.000ns period=10.000ns})
  Path Group:             (none)
  Path Type:              Hold (Min at Fast Process Corner)
  Data Path Delay:        1.171ns  (logic 0.183ns (15.638%)  route 0.988ns (84.362%))
  Logic Levels:           1  (IBUF=1)
  Clock Path Skew:        1.901ns (DCD - SCD - CPR)
    Destination Clock Delay (DCD):    1.901ns
    Source Clock Delay      (SCD):    0.000ns
    Clock Pessimism Removal (CPR):    -0.000ns

    Location             Delay type                Incr(ns)  Path(ns)    Netlist Resource(s)
  -------------------------------------------------------------------    -------------------
    J19                                               0.000     0.000 r  cpu_data[4] (IN)
                         net (fo=0)                   0.000     0.000    cpu_data[4]
    J19                  IBUF (Prop_ibuf_I_O)         0.183     0.183 r  cpu_data_IBUF[4]_inst/O
                         net (fo=3, routed)           0.988     1.171    CC/PBUF/data_in[4]
    SLICE_X37Y37         FDCE                                         r  CC/PBUF/pending_data_reg[4]/D
  -------------------------------------------------------------------    -------------------

                         (clock clk rise edge)        0.000     0.000 r  
    M18                                               0.000     0.000 r  clk (IN)
                         net (fo=0)                   0.000     0.000    clk
    M18                  IBUF (Prop_ibuf_I_O)         0.356     0.356 r  clk_IBUF_inst/O
                         net (fo=1, routed)           0.689     1.044    clk_IBUF
    BUFGCTRL_X0Y0        BUFG (Prop_bufg_I_O)         0.029     1.073 r  clk_IBUF_BUFG_inst/O
                         net (fo=9867, routed)        0.828     1.901    CC/PBUF/clk_IBUF_BUFG
    SLICE_X37Y37         FDCE                                         r  CC/PBUF/pending_data_reg[4]/C

Slack:                    inf
  Source:                 cpu_data[4]
                            (input port)
  Destination:            CC/GSM/cache_mem_reg[1][34][4]/D
                            (rising edge-triggered cell FDCE clocked by clk  {rise@0.000ns fall@5.000ns period=10.000ns})
  Path Group:             (none)
  Path Type:              Hold (Min at Fast Process Corner)
  Data Path Delay:        1.255ns  (logic 0.228ns (18.171%)  route 1.027ns (81.829%))
  Logic Levels:           2  (IBUF=1 LUT6=1)
  Clock Path Skew:        1.900ns (DCD - SCD - CPR)
    Destination Clock Delay (DCD):    1.900ns
    Source Clock Delay      (SCD):    0.000ns
    Clock Pessimism Removal (CPR):    -0.000ns

    Location             Delay type                Incr(ns)  Path(ns)    Netlist Resource(s)
  -------------------------------------------------------------------    -------------------
    J19                                               0.000     0.000 r  cpu_data[4] (IN)
                         net (fo=0)                   0.000     0.000    cpu_data[4]
    J19                  IBUF (Prop_ibuf_I_O)         0.183     0.183 r  cpu_data_IBUF[4]_inst/O
                         net (fo=3, routed)           0.821     1.004    CC/cache_fsm/data_in[3]
    SLICE_X38Y37         LUT6 (Prop_lut6_I4_O)        0.045     1.049 r  CC/cache_fsm/cache_mem[1][0][4]_i_1/O
                         net (fo=128, routed)         0.206     1.255    CC/GSM/cache_mem_reg[1][63][15]_2[4]
    SLICE_X37Y36         FDCE                                         r  CC/GSM/cache_mem_reg[1][34][4]/D
  -------------------------------------------------------------------    -------------------

                         (clock clk rise edge)        0.000     0.000 r  
    M18                                               0.000     0.000 r  clk (IN)
                         net (fo=0)                   0.000     0.000    clk
    M18                  IBUF (Prop_ibuf_I_O)         0.356     0.356 r  clk_IBUF_inst/O
                         net (fo=1, routed)           0.689     1.044    clk_IBUF
    BUFGCTRL_X0Y0        BUFG (Prop_bufg_I_O)         0.029     1.073 r  clk_IBUF_BUFG_inst/O
                         net (fo=9867, routed)        0.827     1.900    CC/GSM/clk_IBUF_BUFG
    SLICE_X37Y36         FDCE                                         r  CC/GSM/cache_mem_reg[1][34][4]/C

Slack:                    inf
  Source:                 cpu_data[4]
                            (input port)
  Destination:            CC/GSM/cache_mem_reg[1][41][4]/D
                            (rising edge-triggered cell FDCE clocked by clk  {rise@0.000ns fall@5.000ns period=10.000ns})
  Path Group:             (none)
  Path Type:              Hold (Min at Fast Process Corner)
  Data Path Delay:        1.261ns  (logic 0.228ns (18.083%)  route 1.033ns (81.917%))
  Logic Levels:           2  (IBUF=1 LUT6=1)
  Clock Path Skew:        1.903ns (DCD - SCD - CPR)
    Destination Clock Delay (DCD):    1.903ns
    Source Clock Delay      (SCD):    0.000ns
    Clock Pessimism Removal (CPR):    -0.000ns

    Location             Delay type                Incr(ns)  Path(ns)    Netlist Resource(s)
  -------------------------------------------------------------------    -------------------
    J19                                               0.000     0.000 r  cpu_data[4] (IN)
                         net (fo=0)                   0.000     0.000    cpu_data[4]
    J19                  IBUF (Prop_ibuf_I_O)         0.183     0.183 r  cpu_data_IBUF[4]_inst/O
                         net (fo=3, routed)           0.821     1.004    CC/cache_fsm/data_in[3]
    SLICE_X38Y37         LUT6 (Prop_lut6_I4_O)        0.045     1.049 r  CC/cache_fsm/cache_mem[1][0][4]_i_1/O
                         net (fo=128, routed)         0.212     1.261    CC/GSM/cache_mem_reg[1][63][15]_2[4]
    SLICE_X39Y39         FDCE                                         r  CC/GSM/cache_mem_reg[1][41][4]/D
  -------------------------------------------------------------------    -------------------

                         (clock clk rise edge)        0.000     0.000 r  
    M18                                               0.000     0.000 r  clk (IN)
                         net (fo=0)                   0.000     0.000    clk
    M18                  IBUF (Prop_ibuf_I_O)         0.356     0.356 r  clk_IBUF_inst/O
                         net (fo=1, routed)           0.689     1.044    clk_IBUF
    BUFGCTRL_X0Y0        BUFG (Prop_bufg_I_O)         0.029     1.073 r  clk_IBUF_BUFG_inst/O
                         net (fo=9867, routed)        0.830     1.903    CC/GSM/clk_IBUF_BUFG
    SLICE_X39Y39         FDCE                                         r  CC/GSM/cache_mem_reg[1][41][4]/C

Slack:                    inf
  Source:                 cpu_data[4]
                            (input port)
  Destination:            CC/GSM/cache_mem_reg[1][1][4]/D
                            (rising edge-triggered cell FDCE clocked by clk  {rise@0.000ns fall@5.000ns period=10.000ns})
  Path Group:             (none)
  Path Type:              Hold (Min at Fast Process Corner)
  Data Path Delay:        1.266ns  (logic 0.228ns (18.020%)  route 1.038ns (81.980%))
  Logic Levels:           2  (IBUF=1 LUT6=1)
  Clock Path Skew:        1.901ns (DCD - SCD - CPR)
    Destination Clock Delay (DCD):    1.901ns
    Source Clock Delay      (SCD):    0.000ns
    Clock Pessimism Removal (CPR):    -0.000ns

    Location             Delay type                Incr(ns)  Path(ns)    Netlist Resource(s)
  -------------------------------------------------------------------    -------------------
    J19                                               0.000     0.000 r  cpu_data[4] (IN)
                         net (fo=0)                   0.000     0.000    cpu_data[4]
    J19                  IBUF (Prop_ibuf_I_O)         0.183     0.183 r  cpu_data_IBUF[4]_inst/O
                         net (fo=3, routed)           0.821     1.004    CC/cache_fsm/data_in[3]
    SLICE_X38Y37         LUT6 (Prop_lut6_I4_O)        0.045     1.049 r  CC/cache_fsm/cache_mem[1][0][4]_i_1/O
                         net (fo=128, routed)         0.216     1.266    CC/GSM/cache_mem_reg[1][63][15]_2[4]
    SLICE_X43Y36         FDCE                                         r  CC/GSM/cache_mem_reg[1][1][4]/D
  -------------------------------------------------------------------    -------------------

                         (clock clk rise edge)        0.000     0.000 r  
    M18                                               0.000     0.000 r  clk (IN)
                         net (fo=0)                   0.000     0.000    clk
    M18                  IBUF (Prop_ibuf_I_O)         0.356     0.356 r  clk_IBUF_inst/O
                         net (fo=1, routed)           0.689     1.044    clk_IBUF
    BUFGCTRL_X0Y0        BUFG (Prop_bufg_I_O)         0.029     1.073 r  clk_IBUF_BUFG_inst/O
                         net (fo=9867, routed)        0.828     1.901    CC/GSM/clk_IBUF_BUFG
    SLICE_X43Y36         FDCE                                         r  CC/GSM/cache_mem_reg[1][1][4]/C





